CIEL ID,Concept UUID,Reason,Existing Spanish names,Spanish names in 2024
146879,146879AAAAAAAAAAAAAAAAAAAAAAAAAAAAAA,no unique Spanish preferred candidate,0,1
146826,146826AAAAAAAAAAAAAAAAAAAAAAAAAAAAAA,no unique Spanish preferred candidate,0,1
1468,1468AAAAAAAAAAAAAAAAAAAAAAAAAAAAAAAA,no unique Spanish preferred candidate,0,1
146605,146605AAAAAAAAAAAAAAAAAAAAAAAAAAAAAA,no unique Spanish preferred candidate,0,1
146571,146571AAAAAAAAAAAAAAAAAAAAAAAAAAAAAA,no unique Spanish preferred candidate,0,1
146153,146153AAAAAAAAAAAAAAAAAAAAAAAAAAAAAA,no unique Spanish preferred candidate,0,1
995,995AAAAAAAAAAAAAAAAAAAAAAAAAAAAAAAAA,no unique Spanish preferred candidate,0,1
99,99AAAAAAAAAAAAAAAAAAAAAAAAAAAAAAAAAA,no unique Spanish preferred candidate,0,1
967,967AAAAAAAAAAAAAAAAAAAAAAAAAAAAAAAAA,no unique Spanish preferred candidate,0,1
963,963AAAAAAAAAAAAAAAAAAAAAAAAAAAAAAAAA,no unique Spanish preferred candidate,0,1
961,961AAAAAAAAAAAAAAAAAAAAAAAAAAAAAAAAA,no unique Spanish preferred candidate,0,1
96,96AAAAAAAAAAAAAAAAAAAAAAAAAAAAAAAAAA,no unique Spanish preferred candidate,0,1
959,959AAAAAAAAAAAAAAAAAAAAAAAAAAAAAAAAA,no unique Spanish preferred candidate,0,1
957,957AAAAAAAAAAAAAAAAAAAAAAAAAAAAAAAAA,no unique Spanish preferred candidate,0,1
956,956AAAAAAAAAAAAAAAAAAAAAAAAAAAAAAAAA,no unique Spanish preferred candidate,0,1
955,955AAAAAAAAAAAAAAAAAAAAAAAAAAAAAAAAA,no unique Spanish preferred candidate,0,1
947,947AAAAAAAAAAAAAAAAAAAAAAAAAAAAAAAAA,no unique Spanish preferred candidate,0,1
942,942AAAAAAAAAAAAAAAAAAAAAAAAAAAAAAAAA,no unique Spanish preferred candidate,0,1
941,941AAAAAAAAAAAAAAAAAAAAAAAAAAAAAAAAA,no unique Spanish preferred candidate,0,1
939,939AAAAAAAAAAAAAAAAAAAAAAAAAAAAAAAAA,no unique Spanish preferred candidate,0,1
938,938AAAAAAAAAAAAAAAAAAAAAAAAAAAAAAAAA,no unique Spanish preferred candidate,0,1
937,937AAAAAAAAAAAAAAAAAAAAAAAAAAAAAAAAA,no unique Spanish preferred candidate,0,1
933,933AAAAAAAAAAAAAAAAAAAAAAAAAAAAAAAAA,no unique Spanish preferred candidate,0,1
929,929AAAAAAAAAAAAAAAAAAAAAAAAAAAAAAAAA,no unique Spanish preferred candidate,0,1
928,928AAAAAAAAAAAAAAAAAAAAAAAAAAAAAAAAA,no unique Spanish preferred candidate,0,1
927,927AAAAAAAAAAAAAAAAAAAAAAAAAAAAAAAAA,no unique Spanish preferred candidate,0,1
926,926AAAAAAAAAAAAAAAAAAAAAAAAAAAAAAAAA,no unique Spanish preferred candidate,0,1
923,923AAAAAAAAAAAAAAAAAAAAAAAAAAAAAAAAA,no unique Spanish preferred candidate,0,1
922,922AAAAAAAAAAAAAAAAAAAAAAAAAAAAAAAAA,no unique Spanish preferred candidate,0,1
92,92AAAAAAAAAAAAAAAAAAAAAAAAAAAAAAAAAA,no unique Spanish preferred candidate,0,1
919,919AAAAAAAAAAAAAAAAAAAAAAAAAAAAAAAAA,no unique Spanish preferred candidate,0,1
918,918AAAAAAAAAAAAAAAAAAAAAAAAAAAAAAAAA,no unique Spanish preferred candidate,0,1
917,917AAAAAAAAAAAAAAAAAAAAAAAAAAAAAAAAA,no unique Spanish preferred candidate,0,1
915,915AAAAAAAAAAAAAAAAAAAAAAAAAAAAAAAAA,no unique Spanish preferred candidate,0,1
914,914AAAAAAAAAAAAAAAAAAAAAAAAAAAAAAAAA,no unique Spanish preferred candidate,0,1
907,907AAAAAAAAAAAAAAAAAAAAAAAAAAAAAAAAA,no unique Spanish preferred candidate,0,1
892,892AAAAAAAAAAAAAAAAAAAAAAAAAAAAAAAAA,no unique Spanish preferred candidate,0,1
881,881AAAAAAAAAAAAAAAAAAAAAAAAAAAAAAAAA,no unique Spanish preferred candidate,0,1
880,880AAAAAAAAAAAAAAAAAAAAAAAAAAAAAAAAA,no unique Spanish preferred candidate,0,1
88,88AAAAAAAAAAAAAAAAAAAAAAAAAAAAAAAAAA,no unique Spanish preferred candidate,0,1
877,877AAAAAAAAAAAAAAAAAAAAAAAAAAAAAAAAA,no unique Spanish preferred candidate,0,1
873,873AAAAAAAAAAAAAAAAAAAAAAAAAAAAAAAAA,no unique Spanish preferred candidate,0,1
870,870AAAAAAAAAAAAAAAAAAAAAAAAAAAAAAAAA,no unique Spanish preferred candidate,0,1
867,867AAAAAAAAAAAAAAAAAAAAAAAAAAAAAAAAA,no unique Spanish preferred candidate,0,1
1456,1456AAAAAAAAAAAAAAAAAAAAAAAAAAAAAAAA,no unique Spanish preferred candidate,0,1
86415,86415AAAAAAAAAAAAAAAAAAAAAAAAAAAAAAA,no unique Spanish preferred candidate,0,1
145524,145524AAAAAAAAAAAAAAAAAAAAAAAAAAAAAA,no unique Spanish preferred candidate,0,1
145509,145509AAAAAAAAAAAAAAAAAAAAAAAAAAAAAA,no unique Spanish preferred candidate,0,1
145479,145479AAAAAAAAAAAAAAAAAAAAAAAAAAAAAA,no unique Spanish preferred candidate,0,1
85498,85498AAAAAAAAAAAAAAAAAAAAAAAAAAAAAAA,no unique Spanish preferred candidate,1,1
145163,145163AAAAAAAAAAAAAAAAAAAAAAAAAAAAAA,no unique Spanish preferred candidate,0,1
84893,84893AAAAAAAAAAAAAAAAAAAAAAAAAAAAAAA,no unique Spanish preferred candidate,1,1
84827,84827AAAAAAAAAAAAAAAAAAAAAAAAAAAAAAA,no unique Spanish preferred candidate,0,1
1451,1451AAAAAAAAAAAAAAAAAAAAAAAAAAAAAAAA,no unique Spanish preferred candidate,0,1
84824,84824AAAAAAAAAAAAAAAAAAAAAAAAAAAAAAA,no unique Spanish preferred candidate,0,1
145071,145071AAAAAAAAAAAAAAAAAAAAAAAAAAAAAA,no unique Spanish preferred candidate,0,1
84192,84192AAAAAAAAAAAAAAAAAAAAAAAAAAAAAAA,no unique Spanish preferred candidate,0,1
83642,83642AAAAAAAAAAAAAAAAAAAAAAAAAAAAAAA,no unique Spanish preferred candidate,0,1
83477,83477AAAAAAAAAAAAAAAAAAAAAAAAAAAAAAA,no unique Spanish preferred candidate,1,1
1446,1446AAAAAAAAAAAAAAAAAAAAAAAAAAAAAAAA,no unique Spanish preferred candidate,0,1
83356,83356AAAAAAAAAAAAAAAAAAAAAAAAAAAAAAA,no unique Spanish preferred candidate,1,1
833,833AAAAAAAAAAAAAAAAAAAAAAAAAAAAAAAAA,no unique Spanish preferred candidate,0,1
83189,83189AAAAAAAAAAAAAAAAAAAAAAAAAAAAAAA,no unique Spanish preferred candidate,1,1
830,830AAAAAAAAAAAAAAAAAAAAAAAAAAAAAAAAA,no unique Spanish preferred candidate,0,1
828,828AAAAAAAAAAAAAAAAAAAAAAAAAAAAAAAAA,no unique Spanish preferred candidate,0,1
82724,82724AAAAAAAAAAAAAAAAAAAAAAAAAAAAAAA,no unique Spanish preferred candidate,0,1
82701,82701AAAAAAAAAAAAAAAAAAAAAAAAAAAAAAA,no unique Spanish preferred candidate,0,1
824,824AAAAAAAAAAAAAAAAAAAAAAAAAAAAAAAAA,no unique Spanish preferred candidate,0,1
82384,82384AAAAAAAAAAAAAAAAAAAAAAAAAAAAAAA,no unique Spanish preferred candidate,1,1
144276,144276AAAAAAAAAAAAAAAAAAAAAAAAAAAAAA,no unique Spanish preferred candidate,0,1
82293,82293AAAAAAAAAAAAAAAAAAAAAAAAAAAAAAA,no unique Spanish preferred candidate,0,1
82238,82238AAAAAAAAAAAAAAAAAAAAAAAAAAAAAAA,no unique Spanish preferred candidate,0,1
82154,82154AAAAAAAAAAAAAAAAAAAAAAAAAAAAAAA,no unique Spanish preferred candidate,0,1
82122,82122AAAAAAAAAAAAAAAAAAAAAAAAAAAAAAA,no unique Spanish preferred candidate,0,1
82017,82017AAAAAAAAAAAAAAAAAAAAAAAAAAAAAAA,no unique Spanish preferred candidate,0,1
82000,82000AAAAAAAAAAAAAAAAAAAAAAAAAAAAAAA,no unique Spanish preferred candidate,0,1
144066,144066AAAAAAAAAAAAAAAAAAAAAAAAAAAAAA,no unique Spanish preferred candidate,0,1
143899,143899AAAAAAAAAAAAAAAAAAAAAAAAAAAAAA,no unique Spanish preferred candidate,0,1
81452,81452AAAAAAAAAAAAAAAAAAAAAAAAAAAAAAA,no unique Spanish preferred candidate,0,1
814,814AAAAAAAAAAAAAAAAAAAAAAAAAAAAAAAAA,no unique Spanish preferred candidate,0,1
143814,143814AAAAAAAAAAAAAAAAAAAAAAAAAAAAAA,no unique Spanish preferred candidate,1,1
811,811AAAAAAAAAAAAAAAAAAAAAAAAAAAAAAAAA,no unique Spanish preferred candidate,0,1
143757,143757AAAAAAAAAAAAAAAAAAAAAAAAAAAAAA,no unique Spanish preferred candidate,0,1
80477,80477AAAAAAAAAAAAAAAAAAAAAAAAAAAAAAA,no unique Spanish preferred candidate,0,1
80362,80362AAAAAAAAAAAAAAAAAAAAAAAAAAAAAAA,no unique Spanish preferred candidate,0,1
80236,80236AAAAAAAAAAAAAAAAAAAAAAAAAAAAAAA,no unique Spanish preferred candidate,1,1
802,802AAAAAAAAAAAAAAAAAAAAAAAAAAAAAAAAA,no unique Spanish preferred candidate,0,1
801,801AAAAAAAAAAAAAAAAAAAAAAAAAAAAAAAAA,no unique Spanish preferred candidate,0,1
79697,79697AAAAAAAAAAAAAAAAAAAAAAAAAAAAAAA,no unique Spanish preferred candidate,0,1
796,796AAAAAAAAAAAAAAAAAAAAAAAAAAAAAAAAA,no unique Spanish preferred candidate,0,1
795,795AAAAAAAAAAAAAAAAAAAAAAAAAAAAAAAAA,no unique Spanish preferred candidate,0,1
1432,1432AAAAAAAAAAAAAAAAAAAAAAAAAAAAAAAA,no unique Spanish preferred candidate,0,1
79197,79197AAAAAAAAAAAAAAAAAAAAAAAAAAAAAAA,no unique Spanish preferred candidate,1,1
791,791AAAAAAAAAAAAAAAAAAAAAAAAAAAAAAAAA,no unique Spanish preferred candidate,0,1
78338,78338AAAAAAAAAAAAAAAAAAAAAAAAAAAAAAA,no unique Spanish preferred candidate,1,1
78326,78326AAAAAAAAAAAAAAAAAAAAAAAAAAAAAAA,no unique Spanish preferred candidate,1,1
78275,78275AAAAAAAAAAAAAAAAAAAAAAAAAAAAAAA,no unique Spanish preferred candidate,1,1
78251,78251AAAAAAAAAAAAAAAAAAAAAAAAAAAAAAA,no unique Spanish preferred candidate,0,1
78200,78200AAAAAAAAAAAAAAAAAAAAAAAAAAAAAAA,no unique Spanish preferred candidate,0,1
779,779AAAAAAAAAAAAAAAAAAAAAAAAAAAAAAAAA,no unique Spanish preferred candidate,0,1
77789,77789AAAAAAAAAAAAAAAAAAAAAAAAAAAAAAA,no unique Spanish preferred candidate,0,1
77329,77329AAAAAAAAAAAAAAAAAAAAAAAAAAAAAAA,no unique Spanish preferred candidate,1,1
77241,77241AAAAAAAAAAAAAAAAAAAAAAAAAAAAAAA,no unique Spanish preferred candidate,1,1
76669,76669AAAAAAAAAAAAAAAAAAAAAAAAAAAAAAA,no unique Spanish preferred candidate,1,1
76664,76664AAAAAAAAAAAAAAAAAAAAAAAAAAAAAAA,no unique Spanish preferred candidate,1,1
76335,76335AAAAAAAAAAAAAAAAAAAAAAAAAAAAAAA,no unique Spanish preferred candidate,1,1
763,763AAAAAAAAAAAAAAAAAAAAAAAAAAAAAAAAA,no unique Spanish preferred candidate,0,1
76174,76174AAAAAAAAAAAAAAAAAAAAAAAAAAAAAAA,no unique Spanish preferred candidate,1,1
141935,141935AAAAAAAAAAAAAAAAAAAAAAAAAAAAAA,no unique Spanish preferred candidate,0,1
76005,76005AAAAAAAAAAAAAAAAAAAAAAAAAAAAAAA,no unique Spanish preferred candidate,1,1
141908,141908AAAAAAAAAAAAAAAAAAAAAAAAAAAAAA,no unique Spanish preferred candidate,0,1
759,759AAAAAAAAAAAAAAAAAAAAAAAAAAAAAAAAA,no unique Spanish preferred candidate,0,1
75858,75858AAAAAAAAAAAAAAAAAAAAAAAAAAAAAAA,no unique Spanish preferred candidate,0,1
75841,75841AAAAAAAAAAAAAAAAAAAAAAAAAAAAAAA,no unique Spanish preferred candidate,0,1
141741,141741AAAAAAAAAAAAAAAAAAAAAAAAAAAAAA,no unique Spanish preferred candidate,0,1
75535,75535AAAAAAAAAAAAAAAAAAAAAAAAAAAAAAA,no unique Spanish preferred candidate,1,1
755,755AAAAAAAAAAAAAAAAAAAAAAAAAAAAAAAAA,no unique Spanish preferred candidate,0,1
75222,75222AAAAAAAAAAAAAAAAAAAAAAAAAAAAAAA,no unique Spanish preferred candidate,1,1
752,752AAAAAAAAAAAAAAAAAAAAAAAAAAAAAAAAA,no unique Spanish preferred candidate,0,1
751,751AAAAAAAAAAAAAAAAAAAAAAAAAAAAAAAAA,no unique Spanish preferred candidate,0,1
141597,141597AAAAAAAAAAAAAAAAAAAAAAAAAAAAAA,no unique Spanish preferred candidate,0,1
75015,75015AAAAAAAAAAAAAAAAAAAAAAAAAAAAAAA,no unique Spanish preferred candidate,1,1
749,749AAAAAAAAAAAAAAAAAAAAAAAAAAAAAAAAA,no unique Spanish preferred candidate,0,1
141550,141550AAAAAAAAAAAAAAAAAAAAAAAAAAAAAA,no unique Spanish preferred candidate,0,1
748,748AAAAAAAAAAAAAAAAAAAAAAAAAAAAAAAAA,no unique Spanish preferred candidate,0,1
747,747AAAAAAAAAAAAAAAAAAAAAAAAAAAAAAAAA,no unique Spanish preferred candidate,0,1
74663,74663AAAAAAAAAAAAAAAAAAAAAAAAAAAAAAA,no unique Spanish preferred candidate,1,1
745,745AAAAAAAAAAAAAAAAAAAAAAAAAAAAAAAAA,no unique Spanish preferred candidate,0,1
743,743AAAAAAAAAAAAAAAAAAAAAAAAAAAAAAAAA,no unique Spanish preferred candidate,0,1
74245,74245AAAAAAAAAAAAAAAAAAAAAAAAAAAAAAA,no unique Spanish preferred candidate,0,1
74232,74232AAAAAAAAAAAAAAAAAAAAAAAAAAAAAAA,no unique Spanish preferred candidate,0,1
141224,141224AAAAAAAAAAAAAAAAAAAAAAAAAAAAAA,no unique Spanish preferred candidate,0,1
73870,73870AAAAAAAAAAAAAAAAAAAAAAAAAAAAAAA,no unique Spanish preferred candidate,1,1
737,737AAAAAAAAAAAAAAAAAAAAAAAAAAAAAAAAA,no unique Spanish preferred candidate,0,1
73624,73624AAAAAAAAAAAAAAAAAAAAAAAAAAAAAAA,no unique Spanish preferred candidate,1,1
73597,73597AAAAAAAAAAAAAAAAAAAAAAAAAAAAAAA,no unique Spanish preferred candidate,1,1
73548,73548AAAAAAAAAAAAAAAAAAAAAAAAAAAAAAA,no unique Spanish preferred candidate,0,1
735,735AAAAAAAAAAAAAAAAAAAAAAAAAAAAAAAAA,no unique Spanish preferred candidate,0,1
73337,73337AAAAAAAAAAAAAAAAAAAAAAAAAAAAAAA,no unique Spanish preferred candidate,0,1
73300,73300AAAAAAAAAAAAAAAAAAAAAAAAAAAAAAA,no unique Spanish preferred candidate,1,1
733,733AAAAAAAAAAAAAAAAAAAAAAAAAAAAAAAAA,no unique Spanish preferred candidate,0,1
73138,73138AAAAAAAAAAAAAAAAAAAAAAAAAAAAAAA,no unique Spanish preferred candidate,1,1
73115,73115AAAAAAAAAAAAAAAAAAAAAAAAAAAAAAA,no unique Spanish preferred candidate,0,1
73032,73032AAAAAAAAAAAAAAAAAAAAAAAAAAAAAAA,no unique Spanish preferred candidate,1,1
72930,72930AAAAAAAAAAAAAAAAAAAAAAAAAAAAAAA,no unique Spanish preferred candidate,0,1
72552,72552AAAAAAAAAAAAAAAAAAAAAAAAAAAAAAA,no unique Spanish preferred candidate,0,1
72551,72551AAAAAAAAAAAAAAAAAAAAAAAAAAAAAAA,no unique Spanish preferred candidate,0,1
72166,72166AAAAAAAAAAAAAAAAAAAAAAAAAAAAAAA,no unique Spanish preferred candidate,1,1
71604,71604AAAAAAAAAAAAAAAAAAAAAAAAAAAAAAA,no unique Spanish preferred candidate,0,1
71451,71451AAAAAAAAAAAAAAAAAAAAAAAAAAAAAAA,no unique Spanish preferred candidate,1,1
71193,71193AAAAAAAAAAAAAAAAAAAAAAAAAAAAAAA,no unique Spanish preferred candidate,1,1
71153,71153AAAAAAAAAAAAAAAAAAAAAAAAAAAAAAA,no unique Spanish preferred candidate,0,1
140062,140062AAAAAAAAAAAAAAAAAAAAAAAAAAAAAA,no unique Spanish preferred candidate,0,1
71130,71130AAAAAAAAAAAAAAAAAAAAAAAAAAAAAAA,no unique Spanish preferred candidate,1,1
71107,71107AAAAAAAAAAAAAAAAAAAAAAAAAAAAAAA,no unique Spanish preferred candidate,1,1
711,711AAAAAAAAAAAAAAAAAAAAAAAAAAAAAAAAA,no unique Spanish preferred candidate,0,1
71070,71070AAAAAAAAAAAAAAAAAAAAAAAAAAAAAAA,no unique Spanish preferred candidate,0,1
14,14AAAAAAAAAAAAAAAAAAAAAAAAAAAAAAAAAA,no unique Spanish preferred candidate,1,1
70991,70991AAAAAAAAAAAAAAAAAAAAAAAAAAAAAAA,no unique Spanish preferred candidate,1,1
139794,139794AAAAAAAAAAAAAAAAAAAAAAAAAAAAAA,no unique Spanish preferred candidate,0,1
70716,70716AAAAAAAAAAAAAAAAAAAAAAAAAAAAAAA,no unique Spanish preferred candidate,0,1
70295,70295AAAAAAAAAAAAAAAAAAAAAAAAAAAAAAA,no unique Spanish preferred candidate,0,1
139592,139592AAAAAAAAAAAAAAAAAAAAAAAAAAAAAA,no unique Spanish preferred candidate,0,1
70101,70101AAAAAAAAAAAAAAAAAAAAAAAAAAAAAAA,no unique Spanish preferred candidate,0,1
70073,70073AAAAAAAAAAAAAAAAAAAAAAAAAAAAAAA,no unique Spanish preferred candidate,1,1
665,665AAAAAAAAAAAAAAAAAAAAAAAAAAAAAAAAA,no unique Spanish preferred candidate,0,1
656,656AAAAAAAAAAAAAAAAAAAAAAAAAAAAAAAAA,no unique Spanish preferred candidate,0,1
649,649AAAAAAAAAAAAAAAAAAAAAAAAAAAAAAAAA,no unique Spanish preferred candidate,0,1
635,635AAAAAAAAAAAAAAAAAAAAAAAAAAAAAAAAA,no unique Spanish preferred candidate,0,1
633,633AAAAAAAAAAAAAAAAAAAAAAAAAAAAAAAAA,no unique Spanish preferred candidate,0,1
631,631AAAAAAAAAAAAAAAAAAAAAAAAAAAAAAAAA,no unique Spanish preferred candidate,0,1
628,628AAAAAAAAAAAAAAAAAAAAAAAAAAAAAAAAA,no unique Spanish preferred candidate,0,1
625,625AAAAAAAAAAAAAAAAAAAAAAAAAAAAAAAAA,no unique Spanish preferred candidate,0,1
6039,6039AAAAAAAAAAAAAAAAAAAAAAAAAAAAAAAA,no unique Spanish preferred candidate,0,1
6038,6038AAAAAAAAAAAAAAAAAAAAAAAAAAAAAAAA,no unique Spanish preferred candidate,0,1
6034,6034AAAAAAAAAAAAAAAAAAAAAAAAAAAAAAAA,no unique Spanish preferred candidate,0,1
6030,6030AAAAAAAAAAAAAAAAAAAAAAAAAAAAAAAA,no unique Spanish preferred candidate,0,1
6028,6028AAAAAAAAAAAAAAAAAAAAAAAAAAAAAAAA,no unique Spanish preferred candidate,0,1
6021,6021AAAAAAAAAAAAAAAAAAAAAAAAAAAAAAAA,no unique Spanish preferred candidate,0,1
6020,6020AAAAAAAAAAAAAAAAAAAAAAAAAAAAAAAA,no unique Spanish preferred candidate,0,1
6011,6011AAAAAAAAAAAAAAAAAAAAAAAAAAAAAAAA,no unique Spanish preferred candidate,0,1
6004,6004AAAAAAAAAAAAAAAAAAAAAAAAAAAAAAAA,no unique Spanish preferred candidate,1,1
6002,6002AAAAAAAAAAAAAAAAAAAAAAAAAAAAAAAA,no unique Spanish preferred candidate,0,1
60,60AAAAAAAAAAAAAAAAAAAAAAAAAAAAAAAAAA,no unique Spanish preferred candidate,1,1
5997,5997AAAAAAAAAAAAAAAAAAAAAAAAAAAAAAAA,no unique Spanish preferred candidate,0,1
5995,5995AAAAAAAAAAAAAAAAAAAAAAAAAAAAAAAA,no unique Spanish preferred candidate,0,1
5987,5987AAAAAAAAAAAAAAAAAAAAAAAAAAAAAAAA,no unique Spanish preferred candidate,0,1
5983,5983AAAAAAAAAAAAAAAAAAAAAAAAAAAAAAAA,no unique Spanish preferred candidate,0,1
5980,5980AAAAAAAAAAAAAAAAAAAAAAAAAAAAAAAA,no unique Spanish preferred candidate,0,1
5969,5969AAAAAAAAAAAAAAAAAAAAAAAAAAAAAAAA,no unique Spanish preferred candidate,0,1
5964,5964AAAAAAAAAAAAAAAAAAAAAAAAAAAAAAAA,no unique Spanish preferred candidate,0,1
5956,5956AAAAAAAAAAAAAAAAAAAAAAAAAAAAAAAA,no unique Spanish preferred candidate,0,1
5952,5952AAAAAAAAAAAAAAAAAAAAAAAAAAAAAAAA,no unique Spanish preferred candidate,0,1
5949,5949AAAAAAAAAAAAAAAAAAAAAAAAAAAAAAAA,no unique Spanish preferred candidate,0,1
5948,5948AAAAAAAAAAAAAAAAAAAAAAAAAAAAAAAA,no unique Spanish preferred candidate,0,1
5946,5946AAAAAAAAAAAAAAAAAAAAAAAAAAAAAAAA,no unique Spanish preferred candidate,0,1
5945,5945AAAAAAAAAAAAAAAAAAAAAAAAAAAAAAAA,no unique Spanish preferred candidate,0,1
5933,5933AAAAAAAAAAAAAAAAAAAAAAAAAAAAAAAA,no unique Spanish preferred candidate,0,1
5922,5922AAAAAAAAAAAAAAAAAAAAAAAAAAAAAAAA,no unique Spanish preferred candidate,0,1
5911,5911AAAAAAAAAAAAAAAAAAAAAAAAAAAAAAAA,no unique Spanish preferred candidate,0,1
5908,5908AAAAAAAAAAAAAAAAAAAAAAAAAAAAAAAA,no unique Spanish preferred candidate,0,1
5905,5905AAAAAAAAAAAAAAAAAAAAAAAAAAAAAAAA,no unique Spanish preferred candidate,0,1
5904,5904AAAAAAAAAAAAAAAAAAAAAAAAAAAAAAAA,no unique Spanish preferred candidate,0,1
5903,5903AAAAAAAAAAAAAAAAAAAAAAAAAAAAAAAA,no unique Spanish preferred candidate,0,1
5900,5900AAAAAAAAAAAAAAAAAAAAAAAAAAAAAAAA,no unique Spanish preferred candidate,0,1
5899,5899AAAAAAAAAAAAAAAAAAAAAAAAAAAAAAAA,no unique Spanish preferred candidate,0,1
5891,5891AAAAAAAAAAAAAAAAAAAAAAAAAAAAAAAA,no unique Spanish preferred candidate,0,1
5890,5890AAAAAAAAAAAAAAAAAAAAAAAAAAAAAAAA,no unique Spanish preferred candidate,0,1
589,589AAAAAAAAAAAAAAAAAAAAAAAAAAAAAAAAA,no unique Spanish preferred candidate,0,1
586,586AAAAAAAAAAAAAAAAAAAAAAAAAAAAAAAAA,no unique Spanish preferred candidate,0,1
581,581AAAAAAAAAAAAAAAAAAAAAAAAAAAAAAAAA,no unique Spanish preferred candidate,0,1
580,580AAAAAAAAAAAAAAAAAAAAAAAAAAAAAAAAA,no unique Spanish preferred candidate,0,1
139105,139105AAAAAAAAAAAAAAAAAAAAAAAAAAAAAA,no unique Spanish preferred candidate,0,1
5701,5701AAAAAAAAAAAAAAAAAAAAAAAAAAAAAAAA,no unique Spanish preferred candidate,0,1
5700,5700AAAAAAAAAAAAAAAAAAAAAAAAAAAAAAAA,no unique Spanish preferred candidate,0,1
5695,5695AAAAAAAAAAAAAAAAAAAAAAAAAAAAAAAA,no unique Spanish preferred candidate,0,1
5693,5693AAAAAAAAAAAAAAAAAAAAAAAAAAAAAAAA,no unique Spanish preferred candidate,0,1
5692,5692AAAAAAAAAAAAAAAAAAAAAAAAAAAAAAAA,no unique Spanish preferred candidate,0,1
5691,5691AAAAAAAAAAAAAAAAAAAAAAAAAAAAAAAA,no unique Spanish preferred candidate,0,1
5689,5689AAAAAAAAAAAAAAAAAAAAAAAAAAAAAAAA,no unique Spanish preferred candidate,0,1
5687,5687AAAAAAAAAAAAAAAAAAAAAAAAAAAAAAAA,no unique Spanish preferred candidate,0,1
5686,5686AAAAAAAAAAAAAAAAAAAAAAAAAAAAAAAA,no unique Spanish preferred candidate,0,1
5684,5684AAAAAAAAAAAAAAAAAAAAAAAAAAAAAAAA,no unique Spanish preferred candidate,0,1
5683,5683AAAAAAAAAAAAAAAAAAAAAAAAAAAAAAAA,no unique Spanish preferred candidate,0,1
5682,5682AAAAAAAAAAAAAAAAAAAAAAAAAAAAAAAA,no unique Spanish preferred candidate,0,1
5681,5681AAAAAAAAAAAAAAAAAAAAAAAAAAAAAAAA,no unique Spanish preferred candidate,0,1
5680,5680AAAAAAAAAAAAAAAAAAAAAAAAAAAAAAAA,no unique Spanish preferred candidate,0,1
5679,5679AAAAAAAAAAAAAAAAAAAAAAAAAAAAAAAA,no unique Spanish preferred candidate,0,1
5678,5678AAAAAAAAAAAAAAAAAAAAAAAAAAAAAAAA,no unique Spanish preferred candidate,0,1
5677,5677AAAAAAAAAAAAAAAAAAAAAAAAAAAAAAAA,no unique Spanish preferred candidate,0,1
5580,5580AAAAAAAAAAAAAAAAAAAAAAAAAAAAAAAA,no unique Spanish preferred candidate,0,1
5554,5554AAAAAAAAAAAAAAAAAAAAAAAAAAAAAAAA,no unique Spanish preferred candidate,0,1
5553,5553AAAAAAAAAAAAAAAAAAAAAAAAAAAAAAAA,no unique Spanish preferred candidate,0,1
5552,5552AAAAAAAAAAAAAAAAAAAAAAAAAAAAAAAA,no unique Spanish preferred candidate,0,1
5548,5548AAAAAAAAAAAAAAAAAAAAAAAAAAAAAAAA,no unique Spanish preferred candidate,0,1
5543,5543AAAAAAAAAAAAAAAAAAAAAAAAAAAAAAAA,no unique Spanish preferred candidate,0,1
5541,5541AAAAAAAAAAAAAAAAAAAAAAAAAAAAAAAA,no unique Spanish preferred candidate,0,1
5540,5540AAAAAAAAAAAAAAAAAAAAAAAAAAAAAAAA,no unique Spanish preferred candidate,0,1
5527,5527AAAAAAAAAAAAAAAAAAAAAAAAAAAAAAAA,no unique Spanish preferred candidate,0,1
5508,5508AAAAAAAAAAAAAAAAAAAAAAAAAAAAAAAA,no unique Spanish preferred candidate,0,1
138763,138763AAAAAAAAAAAAAAAAAAAAAAAAAAAAAA,no unique Spanish preferred candidate,0,1
541,541AAAAAAAAAAAAAAAAAAAAAAAAAAAAAAAAA,no unique Spanish preferred candidate,1,1
5352,5352AAAAAAAAAAAAAAAAAAAAAAAAAAAAAAAA,no unique Spanish preferred candidate,0,1
534,534AAAAAAAAAAAAAAAAAAAAAAAAAAAAAAAAA,no unique Spanish preferred candidate,0,1
138680,138680AAAAAAAAAAAAAAAAAAAAAAAAAAAAAA,no unique Spanish preferred candidate,1,1
5326,5326AAAAAAAAAAAAAAAAAAAAAAAAAAAAAAAA,no unique Spanish preferred candidate,0,1
5325,5325AAAAAAAAAAAAAAAAAAAAAAAAAAAAAAAA,no unique Spanish preferred candidate,0,1
5262,5262AAAAAAAAAAAAAAAAAAAAAAAAAAAAAAAA,no unique Spanish preferred candidate,0,1
5257,5257AAAAAAAAAAAAAAAAAAAAAAAAAAAAAAAA,no unique Spanish preferred candidate,0,1
5246,5246AAAAAAAAAAAAAAAAAAAAAAAAAAAAAAAA,no unique Spanish preferred candidate,0,1
5241,5241AAAAAAAAAAAAAAAAAAAAAAAAAAAAAAAA,no unique Spanish preferred candidate,0,1
5225,5225AAAAAAAAAAAAAAAAAAAAAAAAAAAAAAAA,no unique Spanish preferred candidate,0,1
5209,5209AAAAAAAAAAAAAAAAAAAAAAAAAAAAAAAA,no unique Spanish preferred candidate,1,1
5206,5206AAAAAAAAAAAAAAAAAAAAAAAAAAAAAAAA,no unique Spanish preferred candidate,0,1
5204,5204AAAAAAAAAAAAAAAAAAAAAAAAAAAAAAAA,no unique Spanish preferred candidate,0,1
5202,5202AAAAAAAAAAAAAAAAAAAAAAAAAAAAAAAA,no unique Spanish preferred candidate,0,1
5200,5200AAAAAAAAAAAAAAAAAAAAAAAAAAAAAAAA,no unique Spanish preferred candidate,0,1
5199,5199AAAAAAAAAAAAAAAAAAAAAAAAAAAAAAAA,no unique Spanish preferred candidate,0,1
5198,5198AAAAAAAAAAAAAAAAAAAAAAAAAAAAAAAA,no unique Spanish preferred candidate,0,1
5194,5194AAAAAAAAAAAAAAAAAAAAAAAAAAAAAAAA,no unique Spanish preferred candidate,0,1
5188,5188AAAAAAAAAAAAAAAAAAAAAAAAAAAAAAAA,no unique Spanish preferred candidate,0,1
5180,5180AAAAAAAAAAAAAAAAAAAAAAAAAAAAAAAA,no unique Spanish preferred candidate,0,1
5178,5178AAAAAAAAAAAAAAAAAAAAAAAAAAAAAAAA,no unique Spanish preferred candidate,0,1
5176,5176AAAAAAAAAAAAAAAAAAAAAAAAAAAAAAAA,no unique Spanish preferred candidate,0,1
5174,5174AAAAAAAAAAAAAAAAAAAAAAAAAAAAAAAA,no unique Spanish preferred candidate,0,1
5173,5173AAAAAAAAAAAAAAAAAAAAAAAAAAAAAAAA,no unique Spanish preferred candidate,0,1
5171,5171AAAAAAAAAAAAAAAAAAAAAAAAAAAAAAAA,no unique Spanish preferred candidate,0,1
5159,5159AAAAAAAAAAAAAAAAAAAAAAAAAAAAAAAA,no unique Spanish preferred candidate,0,1
5155,5155AAAAAAAAAAAAAAAAAAAAAAAAAAAAAAAA,no unique Spanish preferred candidate,0,1
5153,5153AAAAAAAAAAAAAAAAAAAAAAAAAAAAAAAA,no unique Spanish preferred candidate,1,1
5152,5152AAAAAAAAAAAAAAAAAAAAAAAAAAAAAAAA,no unique Spanish preferred candidate,0,1
5143,5143AAAAAAAAAAAAAAAAAAAAAAAAAAAAAAAA,no unique Spanish preferred candidate,0,1
514,514AAAAAAAAAAAAAAAAAAAAAAAAAAAAAAAAA,no unique Spanish preferred candidate,0,1
5137,5137AAAAAAAAAAAAAAAAAAAAAAAAAAAAAAAA,no unique Spanish preferred candidate,0,1
5130,5130AAAAAAAAAAAAAAAAAAAAAAAAAAAAAAAA,no unique Spanish preferred candidate,0,1
5129,5129AAAAAAAAAAAAAAAAAAAAAAAAAAAAAAAA,no unique Spanish preferred candidate,0,1
5125,5125AAAAAAAAAAAAAAAAAAAAAAAAAAAAAAAA,no unique Spanish preferred candidate,0,1
5123,5123AAAAAAAAAAAAAAAAAAAAAAAAAAAAAAAA,no unique Spanish preferred candidate,0,1
5115,5115AAAAAAAAAAAAAAAAAAAAAAAAAAAAAAAA,no unique Spanish preferred candidate,2,1
5111,5111AAAAAAAAAAAAAAAAAAAAAAAAAAAAAAAA,no unique Spanish preferred candidate,0,1
5106,5106AAAAAAAAAAAAAAAAAAAAAAAAAAAAAAAA,no unique Spanish preferred candidate,0,1
5101,5101AAAAAAAAAAAAAAAAAAAAAAAAAAAAAAAA,no unique Spanish preferred candidate,0,1
5098,5098AAAAAAAAAAAAAAAAAAAAAAAAAAAAAAAA,no unique Spanish preferred candidate,0,1
5082,5082AAAAAAAAAAAAAAAAAAAAAAAAAAAAAAAA,no unique Spanish preferred candidate,0,1
5079,5079AAAAAAAAAAAAAAAAAAAAAAAAAAAAAAAA,no unique Spanish preferred candidate,0,1
5078,5078AAAAAAAAAAAAAAAAAAAAAAAAAAAAAAAA,no unique Spanish preferred candidate,0,1
5077,5077AAAAAAAAAAAAAAAAAAAAAAAAAAAAAAAA,no unique Spanish preferred candidate,0,1
5076,5076AAAAAAAAAAAAAAAAAAAAAAAAAAAAAAAA,no unique Spanish preferred candidate,0,1
5075,5075AAAAAAAAAAAAAAAAAAAAAAAAAAAAAAAA,no unique Spanish preferred candidate,0,1
5074,5074AAAAAAAAAAAAAAAAAAAAAAAAAAAAAAAA,no unique Spanish preferred candidate,0,1
5073,5073AAAAAAAAAAAAAAAAAAAAAAAAAAAAAAAA,no unique Spanish preferred candidate,0,1
5072,5072AAAAAAAAAAAAAAAAAAAAAAAAAAAAAAAA,no unique Spanish preferred candidate,0,1
5071,5071AAAAAAAAAAAAAAAAAAAAAAAAAAAAAAAA,no unique Spanish preferred candidate,0,1
5070,5070AAAAAAAAAAAAAAAAAAAAAAAAAAAAAAAA,no unique Spanish preferred candidate,0,1
5069,5069AAAAAAAAAAAAAAAAAAAAAAAAAAAAAAAA,no unique Spanish preferred candidate,0,1
5068,5068AAAAAAAAAAAAAAAAAAAAAAAAAAAAAAAA,no unique Spanish preferred candidate,0,1
5067,5067AAAAAAAAAAAAAAAAAAAAAAAAAAAAAAAA,no unique Spanish preferred candidate,0,1
5066,5066AAAAAAAAAAAAAAAAAAAAAAAAAAAAAAAA,no unique Spanish preferred candidate,0,1
5065,5065AAAAAAAAAAAAAAAAAAAAAAAAAAAAAAAA,no unique Spanish preferred candidate,0,1
5063,5063AAAAAAAAAAAAAAAAAAAAAAAAAAAAAAAA,no unique Spanish preferred candidate,0,1
5062,5062AAAAAAAAAAAAAAAAAAAAAAAAAAAAAAAA,no unique Spanish preferred candidate,0,1
5061,5061AAAAAAAAAAAAAAAAAAAAAAAAAAAAAAAA,no unique Spanish preferred candidate,0,1
5060,5060AAAAAAAAAAAAAAAAAAAAAAAAAAAAAAAA,no unique Spanish preferred candidate,0,1
5059,5059AAAAAAAAAAAAAAAAAAAAAAAAAAAAAAAA,no unique Spanish preferred candidate,0,1
5058,5058AAAAAAAAAAAAAAAAAAAAAAAAAAAAAAAA,no unique Spanish preferred candidate,0,1
5057,5057AAAAAAAAAAAAAAAAAAAAAAAAAAAAAAAA,no unique Spanish preferred candidate,0,1
5054,5054AAAAAAAAAAAAAAAAAAAAAAAAAAAAAAAA,no unique Spanish preferred candidate,0,1
138339,138339AAAAAAAAAAAAAAAAAAAAAAAAAAAAAA,no unique Spanish preferred candidate,0,1
5010,5010AAAAAAAAAAAAAAAAAAAAAAAAAAAAAAAA,no unique Spanish preferred candidate,0,1
5005,5005AAAAAAAAAAAAAAAAAAAAAAAAAAAAAAAA,no unique Spanish preferred candidate,0,1
5004,5004AAAAAAAAAAAAAAAAAAAAAAAAAAAAAAAA,no unique Spanish preferred candidate,0,1
5003,5003AAAAAAAAAAAAAAAAAAAAAAAAAAAAAAAA,no unique Spanish preferred candidate,0,1
5002,5002AAAAAAAAAAAAAAAAAAAAAAAAAAAAAAAA,no unique Spanish preferred candidate,0,1
138316,138316AAAAAAAAAAAAAAAAAAAAAAAAAAAAAA,no unique Spanish preferred candidate,0,1
500,500AAAAAAAAAAAAAAAAAAAAAAAAAAAAAAAAA,no unique Spanish preferred candidate,0,1
496,496AAAAAAAAAAAAAAAAAAAAAAAAAAAAAAAAA,no unique Spanish preferred candidate,0,1
494,494AAAAAAAAAAAAAAAAAAAAAAAAAAAAAAAAA,no unique Spanish preferred candidate,0,1
491,491AAAAAAAAAAAAAAAAAAAAAAAAAAAAAAAAA,no unique Spanish preferred candidate,0,1
490,490AAAAAAAAAAAAAAAAAAAAAAAAAAAAAAAAA,no unique Spanish preferred candidate,0,1
489,489AAAAAAAAAAAAAAAAAAAAAAAAAAAAAAAAA,no unique Spanish preferred candidate,0,1
487,487AAAAAAAAAAAAAAAAAAAAAAAAAAAAAAAAA,no unique Spanish preferred candidate,0,1
480,480AAAAAAAAAAAAAAAAAAAAAAAAAAAAAAAAA,no unique Spanish preferred candidate,0,1
478,478AAAAAAAAAAAAAAAAAAAAAAAAAAAAAAAAA,no unique Spanish preferred candidate,0,1
47,47AAAAAAAAAAAAAAAAAAAAAAAAAAAAAAAAAA,no unique Spanish preferred candidate,1,1
462,462AAAAAAAAAAAAAAAAAAAAAAAAAAAAAAAAA,no unique Spanish preferred candidate,0,1
461,461AAAAAAAAAAAAAAAAAAAAAAAAAAAAAAAAA,no unique Spanish preferred candidate,1,1
460,460AAAAAAAAAAAAAAAAAAAAAAAAAAAAAAAAA,no unique Spanish preferred candidate,1,1
456,456AAAAAAAAAAAAAAAAAAAAAAAAAAAAAAAAA,no unique Spanish preferred candidate,0,1
138268,138268AAAAAAAAAAAAAAAAAAAAAAAAAAAAAA,no unique Spanish preferred candidate,0,1
447,447AAAAAAAAAAAAAAAAAAAAAAAAAAAAAAAAA,no unique Spanish preferred candidate,0,1
446,446AAAAAAAAAAAAAAAAAAAAAAAAAAAAAAAAA,no unique Spanish preferred candidate,0,1
44,44AAAAAAAAAAAAAAAAAAAAAAAAAAAAAAAAAA,no unique Spanish preferred candidate,0,1
438,438AAAAAAAAAAAAAAAAAAAAAAAAAAAAAAAAA,no unique Spanish preferred candidate,0,1
436,436AAAAAAAAAAAAAAAAAAAAAAAAAAAAAAAAA,no unique Spanish preferred candidate,0,1
429,429AAAAAAAAAAAAAAAAAAAAAAAAAAAAAAAAA,no unique Spanish preferred candidate,0,1
419,419AAAAAAAAAAAAAAAAAAAAAAAAAAAAAAAAA,no unique Spanish preferred candidate,0,1
414,414AAAAAAAAAAAAAAAAAAAAAAAAAAAAAAAAA,no unique Spanish preferred candidate,0,1
413,413AAAAAAAAAAAAAAAAAAAAAAAAAAAAAAAAA,no unique Spanish preferred candidate,0,2
375,375AAAAAAAAAAAAAAAAAAAAAAAAAAAAAAAAA,no unique Spanish preferred candidate,0,1
358,358AAAAAAAAAAAAAAAAAAAAAAAAAAAAAAAAA,no unique Spanish preferred candidate,0,1
348,348AAAAAAAAAAAAAAAAAAAAAAAAAAAAAAAAA,no unique Spanish preferred candidate,0,1
324,324AAAAAAAAAAAAAAAAAAAAAAAAAAAAAAAAA,no unique Spanish preferred candidate,0,1
323,323AAAAAAAAAAAAAAAAAAAAAAAAAAAAAAAAA,no unique Spanish preferred candidate,0,1
314,314AAAAAAAAAAAAAAAAAAAAAAAAAAAAAAAAA,no unique Spanish preferred candidate,0,1
313,313AAAAAAAAAAAAAAAAAAAAAAAAAAAAAAAAA,no unique Spanish preferred candidate,0,1
281,281AAAAAAAAAAAAAAAAAAAAAAAAAAAAAAAAA,no unique Spanish preferred candidate,0,1
272,272AAAAAAAAAAAAAAAAAAAAAAAAAAAAAAAAA,no unique Spanish preferred candidate,0,1
271,271AAAAAAAAAAAAAAAAAAAAAAAAAAAAAAAAA,no unique Spanish preferred candidate,0,1
270,270AAAAAAAAAAAAAAAAAAAAAAAAAAAAAAAAA,no unique Spanish preferred candidate,0,1
269,269AAAAAAAAAAAAAAAAAAAAAAAAAAAAAAAAA,no unique Spanish preferred candidate,0,1
268,268AAAAAAAAAAAAAAAAAAAAAAAAAAAAAAAAA,no unique Spanish preferred candidate,0,1
266,266AAAAAAAAAAAAAAAAAAAAAAAAAAAAAAAAA,no unique Spanish preferred candidate,0,1
265,265AAAAAAAAAAAAAAAAAAAAAAAAAAAAAAAAA,no unique Spanish preferred candidate,0,1
263,263AAAAAAAAAAAAAAAAAAAAAAAAAAAAAAAAA,no unique Spanish preferred candidate,0,1
260,260AAAAAAAAAAAAAAAAAAAAAAAAAAAAAAAAA,no unique Spanish preferred candidate,1,1
257,257AAAAAAAAAAAAAAAAAAAAAAAAAAAAAAAAA,no unique Spanish preferred candidate,0,1
256,256AAAAAAAAAAAAAAAAAAAAAAAAAAAAAAAAA,no unique Spanish preferred candidate,0,1
255,255AAAAAAAAAAAAAAAAAAAAAAAAAAAAAAAAA,no unique Spanish preferred candidate,0,1
254,254AAAAAAAAAAAAAAAAAAAAAAAAAAAAAAAAA,no unique Spanish preferred candidate,0,1
251,251AAAAAAAAAAAAAAAAAAAAAAAAAAAAAAAAA,no unique Spanish preferred candidate,0,1
250,250AAAAAAAAAAAAAAAAAAAAAAAAAAAAAAAAA,no unique Spanish preferred candidate,0,1
246,246AAAAAAAAAAAAAAAAAAAAAAAAAAAAAAAAA,no unique Spanish preferred candidate,0,1
244,244AAAAAAAAAAAAAAAAAAAAAAAAAAAAAAAAA,no unique Spanish preferred candidate,0,1
243,243AAAAAAAAAAAAAAAAAAAAAAAAAAAAAAAAA,no unique Spanish preferred candidate,0,1
238,238AAAAAAAAAAAAAAAAAAAAAAAAAAAAAAAAA,no unique Spanish preferred candidate,0,1
237,237AAAAAAAAAAAAAAAAAAAAAAAAAAAAAAAAA,no unique Spanish preferred candidate,0,1
235,235AAAAAAAAAAAAAAAAAAAAAAAAAAAAAAAAA,no unique Spanish preferred candidate,0,1
233,233AAAAAAAAAAAAAAAAAAAAAAAAAAAAAAAAA,no unique Spanish preferred candidate,0,1
230,230AAAAAAAAAAAAAAAAAAAAAAAAAAAAAAAAA,no unique Spanish preferred candidate,0,1
226,226AAAAAAAAAAAAAAAAAAAAAAAAAAAAAAAAA,no unique Spanish preferred candidate,0,1
215,215AAAAAAAAAAAAAAAAAAAAAAAAAAAAAAAAA,no unique Spanish preferred candidate,0,1
206,206AAAAAAAAAAAAAAAAAAAAAAAAAAAAAAAAA,no unique Spanish preferred candidate,1,1
205,205AAAAAAAAAAAAAAAAAAAAAAAAAAAAAAAAA,no unique Spanish preferred candidate,0,1
196,196AAAAAAAAAAAAAAAAAAAAAAAAAAAAAAAAA,no unique Spanish preferred candidate,0,1
1935,1935AAAAAAAAAAAAAAAAAAAAAAAAAAAAAAAA,no unique Spanish preferred candidate,1,1
1873,1873AAAAAAAAAAAAAAAAAAAAAAAAAAAAAAAA,no unique Spanish preferred candidate,0,1
182,182AAAAAAAAAAAAAAAAAAAAAAAAAAAAAAAAA,no unique Spanish preferred candidate,1,1
173,173AAAAAAAAAAAAAAAAAAAAAAAAAAAAAAAAA,no unique Spanish preferred candidate,0,1
170815,63a562b7-0529-4c7a-b469-9a9302e35349,no unique Spanish preferred candidate,0,0
170814,fa3805a2-63e6-40ac-8b3f-ba8ff8fe2eaf,no unique Spanish preferred candidate,0,0
170813,8a3324b0-d4a4-402a-b34e-36f8f3d58b01,no unique Spanish preferred candidate,0,0
170812,0db65612-72bf-4f36-a62f-64d870aa83e4,no unique Spanish preferred candidate,0,0
170811,c661a6c0-7030-4b4e-933b-d174161094aa,no unique Spanish preferred candidate,0,0
170810,be3b91e4-1425-489d-be71-35af7c7986a5,no unique Spanish preferred candidate,0,0
170809,6caa42f0-094d-463c-bd51-b0569e787029,no unique Spanish preferred candidate,0,0
170808,9a7bf25f-80fe-4b7b-9e48-a7027381365d,no unique Spanish preferred candidate,0,0
170807,98f19291-5f6b-4809-867b-3a9514d7a530,no unique Spanish preferred candidate,0,0
170806,147fd2dd-7d1d-444d-9769-b1951066a32a,no unique Spanish preferred candidate,0,0
170805,57e91f50-465b-4e20-9411-6047da1ff485,no unique Spanish preferred candidate,0,0
170804,c2c3c8d5-5597-4eca-abea-22abcdd67037,no unique Spanish preferred candidate,0,0
170803,4b025d4c-a79c-466f-a438-4b0440679e0c,no unique Spanish preferred candidate,0,0
170802,37f98745-fbbe-44aa-91e2-1ada01581d96,no unique Spanish preferred candidate,0,0
170801,39e617aa-2d3a-48ff-a7a4-a5ae59f581be,no unique Spanish preferred candidate,0,0
170800,f0d47b45-8303-4cdc-a9f2-c37135a3700f,no unique Spanish preferred candidate,0,0
170799,bf5f7e09-7910-4709-b8ce-4ee6c6f41e38,no unique Spanish preferred candidate,0,0
170798,0519b2f6-4053-473d-aaa6-228fce32efee,no unique Spanish preferred candidate,0,0
170797,aa8fd5ef-19fe-4ed3-8404-d074dcb40224,no unique Spanish preferred candidate,0,0
170796,3501665b-c696-4adb-a5e7-b6f107241542,no unique Spanish preferred candidate,0,0
170795,f3b92234-bc2b-4f52-81b6-4413a1b69db2,no unique Spanish preferred candidate,0,0
170794,917a771d-d12c-46c9-951b-01161a29ed66,no unique Spanish preferred candidate,0,0
170793,e13c2dad-203b-4596-9be7-30bb7bc69635,no unique Spanish preferred candidate,0,0
170792,df17fbb2-231e-4d8b-af4b-cbae4e327dd9,no unique Spanish preferred candidate,0,0
170791,dfdd87b9-c083-4663-9af7-bc87e106e9af,no unique Spanish preferred candidate,0,0
170790,edde445c-a370-4db1-a0fa-e86733ace036,no unique Spanish preferred candidate,0,0
170789,e04a16fa-62eb-4e32-88a2-7d348b6fa5ac,no unique Spanish preferred candidate,0,0
170788,0cfa2797-18ed-4146-8905-02264535a382,no unique Spanish preferred candidate,0,0
170787,08591354-c78a-4912-8e26-143b9c1b828b,no unique Spanish preferred candidate,0,0
170786,16a56835-42b8-4921-ab2a-022aa1d1c760,no unique Spanish preferred candidate,0,0
170785,8a474fe9-a9a5-4b74-bb4a-f6672e3632f2,no unique Spanish preferred candidate,0,0
170784,82ca4077-f1ea-4268-9b6c-7a1aadcb8611,no unique Spanish preferred candidate,0,0
170783,62a1bb37-7065-4f92-9252-61b2a1f66ee2,no unique Spanish preferred candidate,0,0
170782,c9e36d6d-8ab5-46ad-abe0-81e3077f8e9d,no unique Spanish preferred candidate,0,0
170781,83f892ae-9bc1-4e71-bb49-98e8a9d58d9d,no unique Spanish preferred candidate,0,0
170780,81b6d5e3-79d3-4504-b292-c77e8d6cd0b5,no unique Spanish preferred candidate,0,0
170779,865a8210-d81b-40ab-a7c2-c13e4e7fea30,no unique Spanish preferred candidate,0,0
170778,8cd0a6eb-5583-49fd-a00c-f927543eb92a,no unique Spanish preferred candidate,0,0
170777,a92a9a5f-69ba-477f-b362-cc2ecdad550a,no unique Spanish preferred candidate,0,0
170776,08d1f344-9c88-49e8-bef5-4bffdf8e644e,no unique Spanish preferred candidate,0,0
170775,4626857f-e54b-42d0-aa2a-d0771bb496f7,no unique Spanish preferred candidate,0,0
170774,960d98bd-60cb-47b4-8d6f-0c47e409f063,no unique Spanish preferred candidate,0,0
170773,654754da-fed6-48fd-9477-d0be36996dd7,no unique Spanish preferred candidate,0,0
170772,33df6199-bea1-445f-8926-efab054c0ff0,no unique Spanish preferred candidate,0,0
170771,6bfc6d57-4783-4df1-93bd-f590b99bb80f,no unique Spanish preferred candidate,0,0
170770,21a3567a-c066-45c0-a3a9-25139fc3c220,no unique Spanish preferred candidate,0,0
170769,c0a8f309-3550-4a63-bb30-a8eff2587fd4,no unique Spanish preferred candidate,0,0
170768,676d39d3-a43c-44df-a9b7-f13eced53aba,no unique Spanish preferred candidate,0,0
170767,a1957ffe-a445-4ff6-a7ab-61d90ae1cc56,no unique Spanish preferred candidate,0,0
170766,1d0a46f1-4d65-45c5-9cce-f89bd4bd6b39,no unique Spanish preferred candidate,0,0
170765,b8cbba82-742b-4ff0-b950-94d646d75855,no unique Spanish preferred candidate,0,0
170764,6e374445-6af8-4a68-a84d-668d03bd126f,no unique Spanish preferred candidate,0,0
170763,928f33cd-25b1-43d4-82b5-8b30542b6148,no unique Spanish preferred candidate,0,0
170762,3022af8f-96cc-46db-90a1-d08c7dbcd9cf,no unique Spanish preferred candidate,0,0
170761,96f40207-8229-4159-a463-d37bd872719f,no unique Spanish preferred candidate,0,0
170760,3a00ff14-5917-4f23-897f-b170ad7c1bed,no unique Spanish preferred candidate,0,0
170759,2bba6d68-d0fd-4ab9-9b61-7ce20df0c14a,no unique Spanish preferred candidate,0,0
170758,12ab7e98-810d-4406-863d-c2335dccc3f7,no unique Spanish preferred candidate,0,0
170757,ee14582f-ce79-4088-a91b-b7713ba31ae5,no unique Spanish preferred candidate,0,0
170756,3a3e74ed-694a-4c89-add6-d91b33663739,no unique Spanish preferred candidate,0,0
170755,bb95ca1a-b84d-4c43-93f9-7bdc4486cc51,no unique Spanish preferred candidate,0,0
170754,0d1739b7-388d-4863-bf44-b03211ab6ada,no unique Spanish preferred candidate,0,0
170753,70c3dabf-7e60-40dd-aca7-c6dfca7c8d9e,no unique Spanish preferred candidate,0,0
170752,2a6ac5b4-3566-4671-93e0-99e7287200fc,no unique Spanish preferred candidate,0,0
170751,3c7c2752-55e4-4eac-a8f6-02a30bdd7c6d,no unique Spanish preferred candidate,0,0
170750,d0a50e41-05e5-4780-8def-3611e40f5260,no unique Spanish preferred candidate,0,0
170749,700d0fd5-4cc3-48c6-bc9c-0cae93d01f73,no unique Spanish preferred candidate,0,0
170748,3a655ee3-436c-4e6d-a8d1-f9e4210de7e3,no unique Spanish preferred candidate,0,0
170747,1a07100d-66fe-40af-a5c2-6140f5fcaf1f,no unique Spanish preferred candidate,0,0
170746,ca5b24ec-cc7e-46f3-9277-a6856aa8abb6,no unique Spanish preferred candidate,0,0
170745,e26d0a8b-0077-421f-afe7-e61884a5534b,no unique Spanish preferred candidate,0,0
170744,6ee86e90-75ce-4a2a-bf9b-a7eb5b01ad49,no unique Spanish preferred candidate,0,0
170743,f6b82bd2-332a-40d1-a836-b747e843c7ec,no unique Spanish preferred candidate,0,0
170742,b289fcaa-85f4-4694-9553-f1d51337d297,no unique Spanish preferred candidate,0,0
170741,b12395e3-02e8-45a0-aa62-a1408c27ce94,no unique Spanish preferred candidate,0,0
170740,f78cc390-e1e8-4179-b928-c2aeeada0cca,no unique Spanish preferred candidate,0,0
170739,6415a336-c913-4bcf-a37f-afb1d7969811,no unique Spanish preferred candidate,0,0
170738,ad3c4e61-dff3-47ef-956d-7e6a18fb54b2,no unique Spanish preferred candidate,0,0
170737,90277af8-33f1-4ea3-bf13-7ee613c8cd95,no unique Spanish preferred candidate,0,0
170736,7bef67ce-0cd3-4316-a7a2-7b46555bae08,no unique Spanish preferred candidate,0,0
170735,b0e9ddcc-783f-4138-960e-47e61dab7f54,no unique Spanish preferred candidate,0,0
170734,84b537c9-0a52-42f6-a260-26270c2dc9ce,no unique Spanish preferred candidate,0,0
170733,f0a33ba6-9ef7-4568-a936-5d73dd8c1c9b,no unique Spanish preferred candidate,0,0
170732,92ed2c15-7552-4ff9-9a0f-e1c94a39dc72,no unique Spanish preferred candidate,0,0
170731,a4d3b1db-3451-4004-805a-465ad785eb03,no unique Spanish preferred candidate,0,0
170730,978892ec-cbca-4f94-a645-2385733f761c,no unique Spanish preferred candidate,0,0
170729,74f939ac-42f8-4e28-8c9f-a9a3695ac525,no unique Spanish preferred candidate,0,0
170728,eba86793-2632-4bc1-8e94-e9b858c303e3,no unique Spanish preferred candidate,0,0
170727,f1c9236e-3c9c-4461-8ddb-298a43b59095,no unique Spanish preferred candidate,0,0
170726,30aa860d-8402-4a39-be68-6f779b47177b,no unique Spanish preferred candidate,0,0
170725,bdaace78-b89c-4b73-9164-58036b684f41,no unique Spanish preferred candidate,0,0
170724,782a1d40-e213-4e79-85f6-0cc0d4191dae,no unique Spanish preferred candidate,0,0
170723,ec557b8a-25ba-4467-b01f-bf56a160a920,no unique Spanish preferred candidate,0,0
170722,54a90d05-cf09-4d13-8fd4-26f468c3a604,no unique Spanish preferred candidate,0,0
170721,1647aec7-cfd9-4b6b-805e-4df79bdef048,no unique Spanish preferred candidate,0,0
170720,f6c5b953-f977-4097-a87c-4b3a4c133735,no unique Spanish preferred candidate,0,0
170719,f2fb8885-213f-4265-a3aa-8c1419b72dde,no unique Spanish preferred candidate,0,0
170718,d6004197-5d43-495a-b850-7c420a78bd01,no unique Spanish preferred candidate,0,0
170717,e2907c47-e991-4fcc-9dd1-0eea9331bdf8,no unique Spanish preferred candidate,0,0
170716,fa0dd55c-12c7-4ef6-89ce-5cd30abfa5fd,no unique Spanish preferred candidate,0,0
170715,ee87b886-7a26-462d-8763-34bed4bbd78b,no unique Spanish preferred candidate,0,0
170714,343fbace-e13a-47de-9441-e5cfefce2ccb,no unique Spanish preferred candidate,0,0
170713,8b330262-1a17-4bbc-93a1-acf42b0545b9,no unique Spanish preferred candidate,0,0
170712,3141cbf6-4f77-4f8e-a715-861abea35eed,no unique Spanish preferred candidate,0,0
170711,446b88db-9d07-4a09-aa6c-f8de27ef04de,no unique Spanish preferred candidate,0,0
170710,de1e3caf-8705-4fd8-aae9-5fa6198b7b70,no unique Spanish preferred candidate,0,0
170709,99f0089f-7547-4efe-8f6e-cc92398e023a,no unique Spanish preferred candidate,0,0
170708,ee9926ef-4218-47e0-bd7f-8a1d7dc81c05,no unique Spanish preferred candidate,0,0
170707,6cd521ca-4cc8-480c-8dc1-1d4bee34f8e6,no unique Spanish preferred candidate,0,0
170706,42266483-c0a4-43e3-ad05-6e4575b5571b,no unique Spanish preferred candidate,0,0
170705,e4afaf1b-6c97-4db1-81cd-a445539478b7,no unique Spanish preferred candidate,0,0
170704,38a2c4af-e7ac-4052-a149-d1db44ead73f,no unique Spanish preferred candidate,0,0
170703,a1eeb013-bb36-4730-8566-0873ea7e7596,no unique Spanish preferred candidate,0,0
170702,d2cad70d-bbf5-4555-9be9-57793644aca8,no unique Spanish preferred candidate,0,0
170701,f77778a3-9f7b-4115-83e6-73150ba94e28,no unique Spanish preferred candidate,0,0
170700,3e36a671-06b8-4b07-89ee-06dc47519bfd,no unique Spanish preferred candidate,0,0
170699,31f99f57-13b0-4995-b073-8d8892e905c8,no unique Spanish preferred candidate,0,0
170698,20207304-5dc0-4368-af80-aae03041affe,no unique Spanish preferred candidate,0,0
170697,d2a620d9-138d-4125-a84a-7ddbf3b2ee45,no unique Spanish preferred candidate,0,0
170696,6adb14a6-7dbe-43ef-93e0-5b808277dd19,no unique Spanish preferred candidate,0,0
170695,1452ac5f-104f-417f-b3da-5ddb2eef4f5d,no unique Spanish preferred candidate,0,0
170694,c2a9604e-17a7-47bc-8e4b-43bf72bbc75a,no unique Spanish preferred candidate,0,0
170693,bc561c6b-ff41-4299-b48a-69cbe5acf4c3,no unique Spanish preferred candidate,0,0
170692,e94c4f48-01a7-41f0-8492-9b567756a6ff,no unique Spanish preferred candidate,0,0
170691,3c44cfcc-5a29-47a9-8235-e8a2e33d13cf,no unique Spanish preferred candidate,0,0
170690,97a627b3-ce96-4457-8d9f-309555bf1511,no unique Spanish preferred candidate,0,0
170689,177b2ace-6cef-4f70-8d5a-b3be7c3e6f27,no unique Spanish preferred candidate,0,0
170688,5b35e62c-aaf8-431e-baed-724c51501134,no unique Spanish preferred candidate,0,0
170687,82400972-db87-4f35-8041-e455dd977533,no unique Spanish preferred candidate,0,0
170686,e304db23-78fe-4665-aed6-f68f79260c0d,no unique Spanish preferred candidate,0,0
170685,880b0ef9-ba3a-4045-8d8f-a3d0381d3154,no unique Spanish preferred candidate,0,0
170684,4fe39b04-d8e6-415a-be90-827db62ba906,no unique Spanish preferred candidate,0,0
170683,41fd1ebe-ffc7-4ac9-a112-ca320434ac37,no unique Spanish preferred candidate,0,0
170682,decc1ece-22b8-4f43-bf3f-f02296c28f2b,no unique Spanish preferred candidate,0,0
170681,b85f2216-4c3d-45c7-a456-8b90e567c070,no unique Spanish preferred candidate,0,0
170680,fd4374ae-b3e7-4800-b402-01764bfa2d9b,no unique Spanish preferred candidate,0,0
170679,b4506916-0468-4b91-94d8-8c5bedfa1198,no unique Spanish preferred candidate,0,0
170678,f200e140-6223-4a1e-a2f8-00c6a22eafd7,no unique Spanish preferred candidate,0,0
170677,a0420daf-9277-4078-9250-839f6854e0c8,no unique Spanish preferred candidate,0,0
170676,a9d2d94a-7262-48df-b084-135ff3db1f6d,no unique Spanish preferred candidate,0,0
170675,aee859d8-bdef-42c7-99fb-aedd04088228,no unique Spanish preferred candidate,0,0
170674,e94e4ba7-ab85-4b1f-b6d4-3af3b05fe07c,no unique Spanish preferred candidate,0,0
170673,fbbb8749-c143-4e62-92ea-76e77db47f32,no unique Spanish preferred candidate,0,0
170672,ac755277-f26c-49b4-b7cf-174c680e899e,no unique Spanish preferred candidate,0,0
170671,b944c518-10b4-4a93-a928-d0e4d10a66e4,no unique Spanish preferred candidate,0,0
170670,7e00083b-c345-4c2d-9b87-81be50eff8b1,no unique Spanish preferred candidate,0,0
170669,168b1699-0330-4091-98d5-490bf25d34ee,no unique Spanish preferred candidate,0,0
170668,485d0ebe-5b01-491d-bdea-dd73a61c8fcb,no unique Spanish preferred candidate,0,0
170667,9432bf1d-ebe6-4640-97f3-8b35386e1daf,no unique Spanish preferred candidate,0,0
170666,d743e55a-03c5-4811-a793-3d95a882c9b9,no unique Spanish preferred candidate,0,0
170665,7e16f12d-39e3-46f2-8d86-8b10d7329b81,no unique Spanish preferred candidate,0,0
170664,93ace977-2cf9-451b-bffe-03b005376d7a,no unique Spanish preferred candidate,0,0
170663,0cd677ee-ab21-41f8-9ba0-c43e9d75d558,no unique Spanish preferred candidate,0,0
170662,343f96fb-2a3a-486f-85e1-eaf5f7f66c34,no unique Spanish preferred candidate,0,0
170661,eacae6d9-9dbf-46a1-a5be-7ac49ada7b17,no unique Spanish preferred candidate,0,0
170660,eede6e44-02b0-4be6-a6a9-167096186e1f,no unique Spanish preferred candidate,0,0
170659,76abab6f-bf0f-4d86-af7b-ad69cd66fb9c,no unique Spanish preferred candidate,0,0
170658,a4b77be8-ef7c-40c0-a841-416ddeab9ee3,no unique Spanish preferred candidate,0,0
170657,7071a059-8cce-47b7-9d10-46417fda3241,no unique Spanish preferred candidate,0,0
170656,3ac76496-f89b-46dd-8070-c6f76b47701b,no unique Spanish preferred candidate,0,0
170655,b7032897-40ac-4b46-9a23-9ffcb4b9fa62,no unique Spanish preferred candidate,0,0
170654,5754172b-ffea-458d-9c08-d3513736cd1a,no unique Spanish preferred candidate,0,0
170653,8485bf15-e9bc-4877-8127-d88a85f27d99,no unique Spanish preferred candidate,0,0
170652,c011c9e5-80dd-4eb7-b675-1bd007e3e0fc,no unique Spanish preferred candidate,0,0
170651,2709aa63-7118-4cf0-8c32-a06147b23b38,no unique Spanish preferred candidate,0,0
170650,b80482d2-0ba2-4aa2-9954-846ad65fb5bc,no unique Spanish preferred candidate,0,0
170649,31030e8c-dd9a-482b-aa0a-ac8631d26505,no unique Spanish preferred candidate,0,0
170648,071291b2-826a-411a-968c-9d960d0ff79d,no unique Spanish preferred candidate,0,0
170647,5fc8d468-c9e4-4b1e-881e-577d4963a288,no unique Spanish preferred candidate,0,0
170646,63f0d352-846b-4d69-a965-0847530e8972,no unique Spanish preferred candidate,0,0
170645,3503280e-2fec-498e-b249-3cde2a98f633,no unique Spanish preferred candidate,0,0
170644,8d908764-fbab-4464-b2f9-91328723f590,no unique Spanish preferred candidate,0,0
170643,5d9d55a1-e745-4a2a-8bc1-413534fb0fa4,no unique Spanish preferred candidate,0,0
170642,1a7d6160-2b57-42ba-8bc9-f450a9d7db7f,no unique Spanish preferred candidate,0,0
170641,7b88f8d4-d5b8-4034-a4d5-8c5b13be0aba,no unique Spanish preferred candidate,0,0
170640,0efa9b6d-9b50-49a9-aa73-3799223693fa,no unique Spanish preferred candidate,0,0
170639,87988851-710f-46b9-9595-9c6fd782d8a8,no unique Spanish preferred candidate,0,0
170638,6756da6a-18a0-4688-884d-0feff577d59b,no unique Spanish preferred candidate,0,0
170637,58b969e7-77ef-4941-a0ec-72372a2fa716,no unique Spanish preferred candidate,0,0
170636,b93c43c1-d59c-436a-8583-6fd9b77dc177,no unique Spanish preferred candidate,0,0
170635,00a8ae58-a6e5-4c1e-9899-34b2410b5990,no unique Spanish preferred candidate,0,0
170631,f1586651-83bb-4671-bd62-348f0f2694fb,no unique Spanish preferred candidate,0,0
170630,1e18b95e-a3a6-46d8-9074-38d15f31da8f,no unique Spanish preferred candidate,0,0
170629,51d02f11-8041-4956-8419-6c677856c6e2,no unique Spanish preferred candidate,0,0
170628,e0577f19-01ee-4290-9bc8-e1e11d4f32f0,no unique Spanish preferred candidate,0,0
170627,156f0f08-41ef-444a-8044-252a8fab317c,no unique Spanish preferred candidate,0,0
170626,77cbfe87-4e4f-4747-8a8e-e0aff17f642f,no unique Spanish preferred candidate,0,0
170625,6c3570ef-770d-4ccf-ad6e-2e702d47307e,no unique Spanish preferred candidate,0,0
170624,f79a4f8a-10b3-4db9-8aea-72fe4b9a9390,no unique Spanish preferred candidate,0,0
170623,c73f2f78-a931-4d99-9775-3a965de9a164,no unique Spanish preferred candidate,0,0
170622,8d502675-0323-4b21-9dc1-1ca1e4c35cd3,no unique Spanish preferred candidate,0,0
170621,259a38f3-1db0-4cab-b04b-9c8947345994,no unique Spanish preferred candidate,0,0
170620,4025403b-dd35-45f0-90b1-7c8aec6218cf,no unique Spanish preferred candidate,0,0
170619,fe7604e4-f939-44c6-91a9-a42fc5b83705,no unique Spanish preferred candidate,0,0
170618,7112a9de-7d8b-4d20-a617-089d022121da,no unique Spanish preferred candidate,0,0
170617,6969d5f5-a9ca-4626-8c48-41cc113896a4,no unique Spanish preferred candidate,0,0
170616,2c70b242-c092-459e-94f8-710011a7379b,no unique Spanish preferred candidate,0,0
170615,34e533f1-26f5-45ed-ba87-c7f69e4fce19,no unique Spanish preferred candidate,0,0
170614,dbe550b3-637e-48ff-b951-df2d2c697d4c,no unique Spanish preferred candidate,0,0
170613,48a7d34f-2983-4872-8290-ff0a31c55ffe,no unique Spanish preferred candidate,0,0
170612,6c8b7c02-832b-4c24-9333-02f7818d05bf,no unique Spanish preferred candidate,0,0
170611,162b5ea8-ee40-49af-917f-6ef73008b255,no unique Spanish preferred candidate,0,0
170610,8b446f56-8105-493e-8d6f-bc6935be2898,no unique Spanish preferred candidate,0,0
170609,0940c893-3f36-47b1-9e4e-57f797e83ba0,no unique Spanish preferred candidate,0,0
170608,21ae617b-b308-4ebd-8821-3c27d3497663,no unique Spanish preferred candidate,0,0
170607,7c6b1c96-cf8a-44fb-afaa-0b02c42a22ef,no unique Spanish preferred candidate,0,0
170606,759c13cd-7470-4923-bd8e-e8f832089da3,no unique Spanish preferred candidate,0,0
170605,eaeb42cd-e656-46db-8cac-84bca6ca9a6f,no unique Spanish preferred candidate,0,0
170604,b4313563-ba44-472d-915b-dc1e41daa22a,no unique Spanish preferred candidate,0,0
170603,1188d613-77f4-4823-8e85-fbabf68384f4,no unique Spanish preferred candidate,0,0
170602,cecfc0c1-68c4-4b01-83ba-982817570693,no unique Spanish preferred candidate,0,0
170601,4205ecda-8521-4fc8-accd-efa4a3c4ef3e,no unique Spanish preferred candidate,0,0
170600,25bd2d25-7cfd-4381-a83a-ac05297a0621,no unique Spanish preferred candidate,0,0
170599,ca431935-f88d-4b3e-bd31-ca054f62583b,no unique Spanish preferred candidate,0,0
170598,dd44c60b-44f7-4bd5-ad67-1668edc46c0e,no unique Spanish preferred candidate,0,0
170597,4cbbdc02-e1d0-476d-979f-08b0dd7b58aa,no unique Spanish preferred candidate,0,0
170596,97685d12-d633-410a-ac83-7a3e3026573d,no unique Spanish preferred candidate,0,0
170595,06456ccf-3108-45e8-bfd7-ac559ccad1b0,no unique Spanish preferred candidate,0,0
170594,0e712644-5cd1-46c0-82f4-8f488308dfa7,no unique Spanish preferred candidate,0,0
170593,686b9898-a69f-4176-bfad-01df83fd8b41,no unique Spanish preferred candidate,0,0
170592,d9d8ffc8-5c45-47b9-b30a-d20c0aaa6086,no unique Spanish preferred candidate,0,0
170591,82cb50f3-7c13-4b05-b6bf-d41406bc1ce5,no unique Spanish preferred candidate,0,0
170590,3b46750d-50ac-4bef-a48f-27dda7fbdd85,no unique Spanish preferred candidate,0,0
170589,f20cb578-b3d0-483d-b347-e1a040afda6d,no unique Spanish preferred candidate,0,0
170588,cd0e2bc9-91df-4af6-b138-65b1c5c00558,no unique Spanish preferred candidate,0,0
170587,ed779359-c5c1-48ff-aa56-3b95cc51b9c5,no unique Spanish preferred candidate,0,0
170586,e38b8140-48a6-4459-8852-494ab9dfbe53,no unique Spanish preferred candidate,0,0
170585,2e54da7a-1e37-4f68-9a2a-f3685ff6e3e2,no unique Spanish preferred candidate,0,0
170584,cf49ed8f-9f7c-4374-8801-c3f739d3dd2f,no unique Spanish preferred candidate,0,0
170583,51547a41-880f-42c8-bc23-7dfda9614f8b,no unique Spanish preferred candidate,0,0
170582,904a07a5-a324-4a86-b0de-67384360a758,no unique Spanish preferred candidate,0,0
170581,dafd6d73-8d32-46f6-b5e6-14d12add6cd5,no unique Spanish preferred candidate,0,0
170580,ef45073d-b91b-4cf9-b938-8aa581f5d4a6,no unique Spanish preferred candidate,0,0
170579,4af8ef50-d18c-42a0-825b-3553854b8dde,no unique Spanish preferred candidate,0,0
170578,bd71d411-c6e4-4cc5-9c5d-a7fe6a7c05ca,no unique Spanish preferred candidate,0,0
170577,3e94ff85-92b4-47a5-9207-15ee9a27b2a2,no unique Spanish preferred candidate,0,0
170576,c4c64cf3-8ad9-4ed3-8919-40c945fd3b52,no unique Spanish preferred candidate,0,0
170575,1862dc76-562a-48d4-865f-ba592f161cb5,no unique Spanish preferred candidate,0,0
170574,3f2b2f01-8021-4b0f-902d-6ef3241c58c7,no unique Spanish preferred candidate,0,0
170573,caa3f476-f960-4e32-bfa8-fa677f0834f4,no unique Spanish preferred candidate,0,0
170572,3220749c-7fac-45e9-8506-5ab232459834,no unique Spanish preferred candidate,0,0
170571,8490c031-367f-41fd-b2c5-f99a792e12e4,no unique Spanish preferred candidate,0,0
170570,38047ed6-416a-472f-9a89-2b341b61eabd,no unique Spanish preferred candidate,0,0
170569,27c2366d-fdfd-40ca-ae04-3d89fe45773e,no unique Spanish preferred candidate,0,0
170568,c92eeb46-c9f8-4578-83fd-2d6911088901,no unique Spanish preferred candidate,0,0
170567,a904ee54-1ac5-4dfb-bbab-6d23f52f401e,no unique Spanish preferred candidate,0,0
170566,2fe4105f-c433-4878-b637-3b5e4f23fec6,no unique Spanish preferred candidate,0,0
170565,19573ba4-971e-47b3-9e6c-de0e11076085,no unique Spanish preferred candidate,0,0
170564,5b89ed7a-9320-4ced-84c4-be462e9950c6,no unique Spanish preferred candidate,0,0
170563,7f43fa66-b340-4ba8-a8db-e695fb48ddd4,no unique Spanish preferred candidate,0,0
170562,dc547bd8-5675-4ce5-8b1f-a1211064fdb5,no unique Spanish preferred candidate,0,0
170561,e48cbb0e-3b3b-4817-af0f-14f163d64efe,no unique Spanish preferred candidate,0,0
170560,a71bc919-30dd-4499-9326-5a1b7465a373,no unique Spanish preferred candidate,0,0
170559,939843c3-daca-4efd-a945-79f35532197c,no unique Spanish preferred candidate,0,0
170558,d09d21a7-dcce-40f6-89d1-97381cf5010c,no unique Spanish preferred candidate,0,0
170557,40bac2f2-b706-4d63-a808-481bc857f377,no unique Spanish preferred candidate,0,0
170556,f31812b4-6596-431b-a6a8-279dffa04a5a,no unique Spanish preferred candidate,0,0
170555,cc45f181-1c68-4117-b50b-4886e1aa7dbc,no unique Spanish preferred candidate,0,0
170554,76dc64db-f1ec-44da-b163-d4b12fa2a850,no unique Spanish preferred candidate,0,0
170553,d9fa52da-2de3-4669-9840-ec8385e289c0,no unique Spanish preferred candidate,0,0
170552,d15941e3-b0e1-4047-927e-23489c008163,no unique Spanish preferred candidate,0,0
170551,f0ee1272-16a8-4c67-8acc-90657001e4a7,no unique Spanish preferred candidate,0,0
170550,c77f2571-bcd9-4073-84d4-dc7826c0507a,no unique Spanish preferred candidate,0,0
170549,2ceee12f-868a-4edc-b688-9cb90efb3bbe,no unique Spanish preferred candidate,0,0
170548,66e5599c-7424-4252-b357-6949b0a50459,no unique Spanish preferred candidate,0,0
170547,7c189ca8-16dd-4d37-a2c6-6669bc1c363b,no unique Spanish preferred candidate,0,0
170546,a2cfbbfa-423b-4e84-90d9-0d75e887823e,no unique Spanish preferred candidate,0,0
170545,d790a0a7-d2b3-4708-a3a1-bdc65c9b68b9,no unique Spanish preferred candidate,0,0
170544,ce855ed4-3ac1-483c-aae6-6c3d231e22df,no unique Spanish preferred candidate,0,0
170543,5b7b0de6-9a25-4353-a163-c61eb7d5e06b,no unique Spanish preferred candidate,0,0
170542,f1addf0e-f143-4707-8380-e3990c8fa66f,no unique Spanish preferred candidate,0,0
170541,5f7514f1-72c8-4c61-9063-244a6b277304,no unique Spanish preferred candidate,0,0
170540,ba251e12-07aa-4def-b714-55095e76dd78,no unique Spanish preferred candidate,0,0
170539,3ffca27c-7111-42ec-9b16-b6cf05410059,no unique Spanish preferred candidate,0,0
170538,e9f23034-ce91-4d93-805e-0a9e95c6fad1,no unique Spanish preferred candidate,0,0
170537,409e9df3-f073-40e0-9b1f-0355a2a28a99,no unique Spanish preferred candidate,0,0
170536,b2eb3cfd-6970-4a0f-be47-5b1761c654ca,no unique Spanish preferred candidate,0,0
170535,2c468898-09fd-4b56-a3de-22477cb71cac,no unique Spanish preferred candidate,0,0
170534,49b805a0-d177-4243-9206-72fcedeeed64,no unique Spanish preferred candidate,0,0
170533,c033f664-e7f0-4535-8fee-11838aa16968,no unique Spanish preferred candidate,0,0
170532,20935111-ede9-491e-8b1e-2eac207b4521,no unique Spanish preferred candidate,0,0
170531,566eebd8-81e7-4a28-88cf-0f5e72dac365,no unique Spanish preferred candidate,0,0
170530,24ccfcf9-359c-4416-989f-cd509071f7ff,no unique Spanish preferred candidate,0,0
170529,4b588325-596a-4208-88f2-258720a7d137,no unique Spanish preferred candidate,0,0
170528,47e0824e-dfae-4e4c-a665-d1208e5ed16f,no unique Spanish preferred candidate,0,0
170527,36095d0e-b640-40ec-8b0e-938eff642312,no unique Spanish preferred candidate,0,0
170526,de162134-f9eb-4bff-9c5d-ca1ac2ccbcc6,no unique Spanish preferred candidate,0,0
170525,6143f3b5-e250-4891-83d2-b597a8a22f87,no unique Spanish preferred candidate,0,0
170524,4a5a8eec-2355-494d-b47d-4469be96d560,no unique Spanish preferred candidate,0,0
170523,4f2babe2-3695-4c1e-b411-d46145ad49c1,no unique Spanish preferred candidate,0,0
170522,fce9f7f3-590b-4966-ac17-39a95769775a,no unique Spanish preferred candidate,0,0
170521,ffb6aabd-caaa-4de2-86bf-06ea34ed0763,no unique Spanish preferred candidate,0,0
170520,dffdb511-4f57-4632-a8a6-37b415f15fe8,no unique Spanish preferred candidate,0,0
170519,16216c00-e0d7-442a-aa80-a7ec302ceda9,no unique Spanish preferred candidate,0,0
170518,61a41d62-fa2f-4a78-8275-7484d6ff8042,no unique Spanish preferred candidate,0,0
170517,cb95eae9-9df3-421d-a554-df27750316ba,no unique Spanish preferred candidate,0,0
170516,43b715cf-9043-4e61-acd9-8a1c0b9b66b5,no unique Spanish preferred candidate,0,0
170515,1cd22503-12f5-47f1-9a0e-ea22aaa79715,no unique Spanish preferred candidate,0,0
170514,969fc9bc-3b46-4d9f-95d6-06f78b4d9c52,no unique Spanish preferred candidate,0,0
170513,817deb2e-92fe-442f-8df8-52bd9d36ce13,no unique Spanish preferred candidate,0,0
170512,a93a0ef1-5588-4a4e-89bb-db2ad565b915,no unique Spanish preferred candidate,0,0
170511,1f97b2e8-801f-4383-a4ac-21ea6fd79c74,no unique Spanish preferred candidate,0,0
170510,a241d373-2ce9-4e95-81b2-0c9e4a325f75,no unique Spanish preferred candidate,0,0
170509,53899a81-64cc-4269-82b1-80f19f2aa742,no unique Spanish preferred candidate,0,0
170508,2d327474-1597-4b27-9412-959e5396415b,no unique Spanish preferred candidate,0,0
170507,86b2fdc3-b6ce-42a0-9977-a4597d5765dd,no unique Spanish preferred candidate,0,0
170506,a18ab324-2f2f-4e3e-9748-52cd8d4b86f9,no unique Spanish preferred candidate,0,0
170505,4d0bb62e-10f7-41ad-ba21-039203cf33ae,no unique Spanish preferred candidate,0,0
170504,2ee99a2c-9dc2-4062-9ec8-aa6b3bc712f8,no unique Spanish preferred candidate,0,0
170503,bc1258df-87f4-4034-916b-bcbe56bf8b3a,no unique Spanish preferred candidate,0,0
170502,5099e983-d45b-41cc-8c92-d3a7eb4c7aaf,no unique Spanish preferred candidate,0,0
170501,c0dbd15a-10f0-4761-800d-ffcad4fe1544,no unique Spanish preferred candidate,0,0
170500,4c2ce8cc-c88f-495b-9991-fe0282206fb5,no unique Spanish preferred candidate,0,0
170499,a0b05635-385b-4726-8401-525e3fa38011,no unique Spanish preferred candidate,0,0
170498,93708b8f-edcb-48c8-a75f-13b048278341,no unique Spanish preferred candidate,0,0
170497,1451c8c6-8870-47fb-b41a-91a944df3f21,no unique Spanish preferred candidate,0,0
170496,650c78da-910d-4bb0-a884-d92c4db1be1d,no unique Spanish preferred candidate,0,0
170495,eedb5b35-f3d9-47e4-8f81-fc332feb2556,no unique Spanish preferred candidate,0,0
170494,a102c6a0-311c-40a3-b52c-e1f52da25fba,no unique Spanish preferred candidate,0,0
170493,34b2ed54-2036-4d1a-8ec7-1fda476e159b,no unique Spanish preferred candidate,0,0
170492,acfaac4d-ed13-478b-b4fd-969e07eb4431,no unique Spanish preferred candidate,0,0
170491,b38edc1a-72ff-4803-a75c-07b271f672f4,no unique Spanish preferred candidate,0,0
170490,93f3ac1a-e4e6-409d-968b-a0fc77727635,no unique Spanish preferred candidate,0,0
170489,90752660-d8cd-407a-8e19-fbd5c4a9e6a3,no unique Spanish preferred candidate,0,0
170488,17c796e8-1e20-4c8c-955e-2f860f857038,no unique Spanish preferred candidate,0,0
170487,5f2864ed-dcdc-4b23-8fe4-6b4412942f98,no unique Spanish preferred candidate,0,0
170486,633639e8-d266-46a0-b964-e3e1068f66c8,no unique Spanish preferred candidate,0,0
170485,5823ae6d-3fab-4d21-9c2f-2654d7fd5318,no unique Spanish preferred candidate,0,0
170484,316b1547-0aee-4fea-a2e8-a15972348143,no unique Spanish preferred candidate,0,0
170483,4362341e-001a-41aa-bb07-af1e05fc243e,no unique Spanish preferred candidate,0,0
170482,33c24894-7dc0-4a07-939a-8a246f47e9cb,no unique Spanish preferred candidate,0,0
170481,635e80d5-6740-4114-b82f-012b37408ef0,no unique Spanish preferred candidate,0,0
170480,beb95b04-02fc-4569-8829-1119d1d6531f,no unique Spanish preferred candidate,0,0
170479,6fe78c73-830a-4260-880e-d0b077c5fb99,no unique Spanish preferred candidate,0,0
170478,69662f4d-f706-4a96-9069-a6a605d1dcc6,no unique Spanish preferred candidate,0,0
170477,21a2302c-e19a-45e0-8a34-38a98d1100c9,no unique Spanish preferred candidate,0,0
170476,d77d9d2b-6742-4e52-9130-3b2d26f1494a,no unique Spanish preferred candidate,0,0
170475,2072103a-6582-4705-80cc-48b5bfc93fe9,no unique Spanish preferred candidate,0,0
170474,e83338aa-1d45-4f72-868e-44e6d7310609,no unique Spanish preferred candidate,0,0
170473,865c7cc3-9feb-4a7e-86f4-a55f757df941,no unique Spanish preferred candidate,0,0
170472,72f7a185-3673-4499-a314-9487a715eabc,no unique Spanish preferred candidate,0,0
170471,032cc184-c13c-46a6-9e66-8160e0e8e40a,no unique Spanish preferred candidate,0,0
170470,c326bae5-6df1-483e-9b87-aa1aba68ad0a,no unique Spanish preferred candidate,0,0
170469,ae8a3d36-1290-4c88-9efb-09acb21d1517,no unique Spanish preferred candidate,0,0
170468,3aa9098f-0a08-4b79-8b12-d6043ff516a3,no unique Spanish preferred candidate,0,0
170467,75f46702-981a-4fa6-a949-38a6b60493f6,no unique Spanish preferred candidate,0,0
170466,a136456d-9055-4405-a323-35865a0ecf44,no unique Spanish preferred candidate,0,0
170465,0bcbaab2-04de-4925-b33e-0aa706fb377d,no unique Spanish preferred candidate,0,0
170464,34f1303c-3016-4cc0-9d5f-b3a8a6f4818a,no unique Spanish preferred candidate,0,0
170463,f9f29e0b-6674-4853-ab04-5e3a00182c42,no unique Spanish preferred candidate,0,0
170462,377e95f9-fc5e-4359-9415-49970b0eb2d5,no unique Spanish preferred candidate,0,0
170461,6271be67-673f-4fa4-8d60-5b6458e42455,no unique Spanish preferred candidate,0,0
170460,375ef639-f874-49e3-a777-d7c438ea1346,no unique Spanish preferred candidate,0,0
170459,ad1ccf01-3fed-4097-96f6-0bb31c2433d4,no unique Spanish preferred candidate,0,0
170458,0e25af4c-c153-4bb7-afb4-8fbfd5210517,no unique Spanish preferred candidate,0,0
170457,8810736d-0361-4284-ab27-40cb4824523c,no unique Spanish preferred candidate,0,0
170456,fd131d9b-6fa2-401b-b8dd-ccc0740929d2,no unique Spanish preferred candidate,0,0
170455,df1017bb-cc67-45a9-9a05-4b67c64ab12a,no unique Spanish preferred candidate,0,0
170454,527c1ab0-0c1a-4889-a880-a340dc9d75c3,no unique Spanish preferred candidate,0,0
170453,c53e7df8-94bd-4b21-b78d-bc280d15a093,no unique Spanish preferred candidate,0,0
170452,32c7efe6-4837-4e82-b5c1-ed9a13fcff3c,no unique Spanish preferred candidate,0,0
170451,4c38f0e7-fe19-46d5-875a-239b50bffb42,no unique Spanish preferred candidate,0,0
170450,bb38ee72-03f0-4bfd-a56e-e2dfe8025c73,no unique Spanish preferred candidate,0,0
170449,f121b017-b2db-4edd-bc0f-a90e5648ffd3,no unique Spanish preferred candidate,0,0
170448,dc03c7df-c710-4fc2-9584-0c8dc40e453b,no unique Spanish preferred candidate,0,0
170447,bc1a3438-6ca2-4432-893a-f6061d874688,no unique Spanish preferred candidate,0,0
170446,1492cdad-deae-4a98-8c3b-3db45d120e52,no unique Spanish preferred candidate,0,0
170445,96fd29bb-33c8-4154-901c-4d740a20923a,no unique Spanish preferred candidate,0,0
170444,bf621cd2-34ff-463f-9f14-e38568de844b,no unique Spanish preferred candidate,0,0
170443,dd06bf6c-552e-42d5-bc91-72c43052d9d1,no unique Spanish preferred candidate,0,0
170442,02e2721c-aa10-4999-97bc-9d1507188d79,no unique Spanish preferred candidate,0,0
170441,537e86bb-5836-477a-8a55-1de73bbf621c,no unique Spanish preferred candidate,0,0
170440,3ae4edb7-dbb5-4ad3-9ee3-50481e56998e,no unique Spanish preferred candidate,0,0
170439,6e6158b4-abcb-4bad-8467-718b9c86be60,no unique Spanish preferred candidate,0,0
170438,6aca7912-3209-48c9-ab52-db2d0dc43227,no unique Spanish preferred candidate,0,0
170437,17baa0d8-afd1-4a4c-b88f-7f787046397d,no unique Spanish preferred candidate,0,0
170436,97b5513d-99f9-47d9-9f87-613a4a8b4b8a,no unique Spanish preferred candidate,0,0
170435,d23dd18c-f3ff-49b7-96ed-5ea55c0b2490,no unique Spanish preferred candidate,0,0
170434,fcde3b91-7786-4fa4-820e-18eb3cbdbf9d,no unique Spanish preferred candidate,0,0
170433,60aa6dd9-2406-4a23-88ab-efbf58f877ba,no unique Spanish preferred candidate,0,0
170432,a5f37acd-2e0c-48d0-8372-f257da403bd1,no unique Spanish preferred candidate,0,0
170431,29496a78-6516-4153-9d51-3f23720f422c,no unique Spanish preferred candidate,0,0
170430,8da72234-e496-4db1-93d2-2d252123baaf,no unique Spanish preferred candidate,0,0
170429,3584d4ea-f971-4874-b383-92ad874e6a31,no unique Spanish preferred candidate,0,0
170428,af6cae13-a5a4-47d4-842e-181bfc13d9b1,no unique Spanish preferred candidate,0,0
170427,772e77f1-70ae-4025-b353-17b9d8e767e0,no unique Spanish preferred candidate,0,0
170426,6fdd393b-c9c2-4cf1-a025-661207447088,no unique Spanish preferred candidate,0,0
170425,53e50336-43d7-4940-9283-997bacdd47a5,no unique Spanish preferred candidate,0,0
170424,f6ad487f-500e-4f53-af11-a374ba536a30,no unique Spanish preferred candidate,0,0
170423,7495fb77-c5d0-4e19-ade3-10e6f631c0c5,no unique Spanish preferred candidate,0,0
170422,95df29bf-989c-48f9-b7c1-49aeff65e886,no unique Spanish preferred candidate,0,0
170421,00a1fdec-051e-48ee-9947-bcc88f5af42f,no unique Spanish preferred candidate,0,0
170420,ec70de0e-5a9a-44d1-8e01-9415aa39412c,no unique Spanish preferred candidate,0,0
170419,5a502367-4aff-4f54-a53c-9e973d40bfec,no unique Spanish preferred candidate,0,0
170418,bbe98b5f-313d-41a4-8d0c-25b135e2295f,no unique Spanish preferred candidate,0,0
170417,c0db8fed-c0cb-4ce2-80c5-03f1ad2f0fe3,no unique Spanish preferred candidate,0,0
170416,105ecea3-96c6-4081-9074-86575a3e1658,no unique Spanish preferred candidate,0,0
170415,289bc999-7844-44a1-a4f0-a84ea0089799,no unique Spanish preferred candidate,0,0
170414,812c94c0-bd7d-4d61-9573-eb0d074b7dde,no unique Spanish preferred candidate,0,0
170413,118af935-bdbc-4f7a-a4fa-989875863fee,no unique Spanish preferred candidate,0,0
170412,32d836e7-1f34-410f-979c-063e7fde9202,no unique Spanish preferred candidate,0,0
170411,abb61a6b-c4c0-4708-9b0d-44a7d8467e7f,no unique Spanish preferred candidate,0,0
170410,dff92507-1d8f-4be8-9937-b53906d26b65,no unique Spanish preferred candidate,0,0
170409,6603d3b6-fe58-4c5b-b00e-1b6018adbbe0,no unique Spanish preferred candidate,0,0
170408,97b619c7-81d4-4c09-9329-ae6ea99f1953,no unique Spanish preferred candidate,0,0
170407,5ee07f15-b7a9-48ca-8451-8cbaf2592df3,no unique Spanish preferred candidate,0,0
170406,41fcc616-be02-4fa5-9a73-ec5b917d2d1a,no unique Spanish preferred candidate,0,0
170405,3fb17a1b-7ea7-4380-ac92-aaba9fc0b708,no unique Spanish preferred candidate,0,0
170404,e2e3ead8-7709-4688-95d1-9709d3ab455d,no unique Spanish preferred candidate,0,0
170403,9fa43f36-4b96-4e28-9714-d4aab129b6d8,no unique Spanish preferred candidate,0,0
170402,be19d055-c093-42be-9e8e-924d7570913f,no unique Spanish preferred candidate,0,0
170401,e099012d-ee7b-4a21-a6ed-a507fe20f8f7,no unique Spanish preferred candidate,0,0
170400,70e5d28a-e812-412e-b948-7714e83b8e31,no unique Spanish preferred candidate,0,0
170399,d2c2527b-feb4-4776-becb-9484cc3a23ed,no unique Spanish preferred candidate,0,0
170398,3cd089af-8d1e-4cf6-9c88-3f5fa717493e,no unique Spanish preferred candidate,0,0
170397,4008c2db-6145-4d8d-9d79-b16190235761,no unique Spanish preferred candidate,0,0
170396,4744981f-b518-4b11-b210-26d73be65e47,no unique Spanish preferred candidate,0,0
170395,dffa8cdd-2493-4881-95a5-8d69aa511466,no unique Spanish preferred candidate,0,0
170394,376db7f2-08fa-4d9c-a85d-f402bdc99b61,no unique Spanish preferred candidate,0,0
170393,58c913ae-20ab-46d1-b365-70f76653d80f,no unique Spanish preferred candidate,0,0
170392,74d5cd3e-732f-4483-a4b6-f1a88d4b07fb,no unique Spanish preferred candidate,0,0
170391,bdee8a44-165b-4784-b84a-e3055acbc787,no unique Spanish preferred candidate,0,0
170390,ee555683-41b6-4e87-80ac-4d924e638737,no unique Spanish preferred candidate,0,0
170389,5cb1de59-6dd7-4c32-a64f-b8accb692f6f,no unique Spanish preferred candidate,0,0
170388,b076b1a7-f6aa-41be-9675-edec06f61078,no unique Spanish preferred candidate,0,0
170387,a034fb41-ed72-4714-b6d3-481be7384e14,no unique Spanish preferred candidate,0,0
170386,150ab72d-bb38-443a-863f-c1d635f25618,no unique Spanish preferred candidate,0,0
170385,0bb7a122-3348-4e3d-b414-f5b9c49fa922,no unique Spanish preferred candidate,0,0
170384,a8aad9de-00a1-4da8-87e2-a5ba4ed29afb,no unique Spanish preferred candidate,0,0
170383,bb748f8f-8bbf-42f6-9d9a-bf79be38ba27,no unique Spanish preferred candidate,0,0
170382,37ed4175-630c-43db-ad3a-653d7f8d29f1,no unique Spanish preferred candidate,0,0
170381,99c58954-489d-40de-85db-6e7f85b14769,no unique Spanish preferred candidate,0,0
170380,e50d6551-f245-4a57-9b6a-7998e26ba0b0,no unique Spanish preferred candidate,0,0
170379,a53a0d86-6a12-4770-a256-de2d73fd426c,no unique Spanish preferred candidate,0,0
170378,c449ca81-a1f8-414a-81a2-33337375850e,no unique Spanish preferred candidate,0,0
170377,7e745347-1a5a-4d3e-8c9a-98141746d714,no unique Spanish preferred candidate,0,0
170376,90e91127-5954-47dd-81d7-0fde8626d36c,no unique Spanish preferred candidate,0,0
170375,95a6ae30-cf4e-441b-aab2-531831106deb,no unique Spanish preferred candidate,0,0
170374,b3a6efbe-c4d0-44bf-930d-9aeb76e8bd75,no unique Spanish preferred candidate,0,0
170373,07a1c3f2-5cad-4bf8-835c-d28d00001ae3,no unique Spanish preferred candidate,0,0
170372,23c28d00-a302-4c59-9011-79b849551310,no unique Spanish preferred candidate,0,0
170371,56500be6-d231-41e3-949b-bb61e3fbb40c,no unique Spanish preferred candidate,0,0
170370,06b63786-ae98-4cae-a05e-39e56ff2e4bd,no unique Spanish preferred candidate,0,0
170369,4e0dd824-a25a-4468-8cc5-ccaa7e084973,no unique Spanish preferred candidate,0,0
170368,81645e7b-0c1c-45d3-ab81-5b266195d59f,no unique Spanish preferred candidate,0,0
170367,d2dfad8e-a5c2-45c7-9f3e-67456264b01f,no unique Spanish preferred candidate,0,0
170366,ec7f69e8-493b-4795-8b18-cba630d49b27,no unique Spanish preferred candidate,0,0
170365,879378c8-3052-430f-ad0f-8a5e10cbfefe,no unique Spanish preferred candidate,0,0
170364,8c096462-0354-4411-9bf0-642d8b803f07,no unique Spanish preferred candidate,0,0
170363,4b315cb5-b8ba-405c-aee0-c9d0fc18dc07,no unique Spanish preferred candidate,0,0
170362,5b5269bc-8200-4dd0-bd6d-3d0ccefa2dfc,no unique Spanish preferred candidate,0,0
170361,a3c44114-939c-46f5-9907-646d35ac5328,no unique Spanish preferred candidate,0,0
170360,cc3deda7-bfc3-4791-b795-77d68796ed46,no unique Spanish preferred candidate,0,0
170359,10596b57-d0f8-4bd9-bbf1-c538e7c4b24e,no unique Spanish preferred candidate,0,0
170358,a13be560-b288-49fa-8ee8-63fcc36d2646,no unique Spanish preferred candidate,0,0
170357,c2664770-fcac-480f-8dbf-01b9ed94b00f,no unique Spanish preferred candidate,0,0
170356,c311ef02-d750-4b34-8913-e82c7bc0bc07,no unique Spanish preferred candidate,0,0
170355,9f219e08-ef40-46b6-bdd3-f4fe8aea091b,no unique Spanish preferred candidate,0,0
170354,aae2ed8a-f598-43f4-b3da-7a939b099322,no unique Spanish preferred candidate,0,0
170353,067ff2d5-03bd-43f8-a6d9-08e466beff25,no unique Spanish preferred candidate,0,0
170352,1cc33f7e-0aab-4824-8a03-735e795d3fa2,no unique Spanish preferred candidate,0,0
170351,620b6318-99cf-43ca-ae21-77144422715e,no unique Spanish preferred candidate,0,0
170350,1d5a7b39-9ed1-4bc9-966f-138fecb5b0bf,no unique Spanish preferred candidate,0,0
170349,e4b45b40-f76c-4b36-aa99-557ad8c9016b,no unique Spanish preferred candidate,0,0
170348,5b51e63d-ecc0-44d6-a3b1-7e8da61bcdeb,no unique Spanish preferred candidate,0,0
170347,2178ec62-7143-437d-a532-37af27dc1b16,no unique Spanish preferred candidate,0,0
170346,4095131c-d073-4824-b1d9-30efa16d25c1,no unique Spanish preferred candidate,0,0
170345,60a9000e-7c09-4799-93e1-e235b61ff908,no unique Spanish preferred candidate,0,0
170344,72c5b8d4-c94c-4c57-88b8-995912db0736,no unique Spanish preferred candidate,0,0
170343,99b22c5a-f4ec-4dee-8268-cf504c7cd16c,no unique Spanish preferred candidate,0,0
170342,b44d9a3c-a770-47f5-b3d5-491fc8d62131,no unique Spanish preferred candidate,0,0
170341,05ce198a-6e39-4014-bfe7-f344d2f39cf7,no unique Spanish preferred candidate,0,0
170340,67ed64d3-9f90-4825-a76b-76866ceb17b1,no unique Spanish preferred candidate,0,0
170339,2ec03ab6-27ba-4850-8f1a-d562c49ff0a5,no unique Spanish preferred candidate,0,0
170338,bdcfd52e-b210-4cc2-9ff9-487d708c0e1a,no unique Spanish preferred candidate,0,0
170337,e746015f-4bfc-473d-b646-b1fe9efbcf8c,no unique Spanish preferred candidate,0,0
170336,fd8b6a29-b341-4044-b160-9c79412520a8,no unique Spanish preferred candidate,0,0
170335,8ee97272-1683-4014-a029-86ae6fd9ab66,no unique Spanish preferred candidate,0,0
170334,341a5e2e-5a03-448c-8a57-0ceb0771f5b9,no unique Spanish preferred candidate,0,0
170333,120a6c98-5d6b-423a-8686-be0cbea372ad,no unique Spanish preferred candidate,0,0
170332,3ba1ac40-d6f8-4870-bcd7-cda96b74dfbf,no unique Spanish preferred candidate,0,0
170331,7150f853-ff1d-4af9-bd16-fca3abe7e7bf,no unique Spanish preferred candidate,0,0
170330,903e21bc-040f-454d-ac28-82e397e19cb0,no unique Spanish preferred candidate,0,0
170329,d5aa635a-7d34-48f1-8417-3b85f5f4b073,no unique Spanish preferred candidate,0,0
170328,ae3c21f6-c156-4e42-84e6-050bf54bb774,no unique Spanish preferred candidate,0,0
170327,a48601a5-1f8d-4e28-8020-fc570063f6a6,no unique Spanish preferred candidate,0,0
170326,244bd252-fd7a-4f01-aa52-b2e028109f14,no unique Spanish preferred candidate,0,0
170325,f3e651ac-7cfa-482f-bd31-da4068050946,no unique Spanish preferred candidate,0,0
170324,be6a18fc-18fa-43e7-8861-75d975535715,no unique Spanish preferred candidate,0,0
170323,33a697ef-1b5b-4d30-b88e-3f0d2fe56a22,no unique Spanish preferred candidate,0,0
170322,d833afd5-22ee-4a2f-8a52-bbc8359b60dd,no unique Spanish preferred candidate,0,0
170321,f5522261-17c8-4ca4-9fcd-a71ff97ae327,no unique Spanish preferred candidate,0,0
170320,b5c2a007-0d34-416e-95a5-e7ac6b52c7b3,no unique Spanish preferred candidate,0,0
170319,38a14eef-8239-49df-826c-123b2595fba8,no unique Spanish preferred candidate,0,0
170318,f52f7f09-087f-4687-b9f7-66cb5b2b6381,no unique Spanish preferred candidate,0,0
170317,048073e5-43ad-49ce-be20-399d85cd3777,no unique Spanish preferred candidate,0,0
170316,62cfa3a3-2620-4d7f-bdfb-bfce480e16d9,no unique Spanish preferred candidate,0,0
170315,36c6cd2f-e67a-4b4e-8900-696abbf43b42,no unique Spanish preferred candidate,0,0
170314,fa074ea5-325e-47cf-ab2e-37eb72919d0b,no unique Spanish preferred candidate,0,0
170313,5561d7e3-0ef9-4ef6-adda-38c90fb887d9,no unique Spanish preferred candidate,0,0
170312,1d10c968-9ab3-4bbe-b2de-3e1f36b8694d,no unique Spanish preferred candidate,0,0
170311,01f59be7-2d91-4f8d-9844-951a5f7f98af,no unique Spanish preferred candidate,0,0
170310,f610aa1c-939e-4911-acf1-35fb08d8d1ce,no unique Spanish preferred candidate,0,0
170309,aa21cfee-adb8-4dbc-8e89-c9406dc49ee5,no unique Spanish preferred candidate,0,0
170308,94dfad75-9d13-4941-8849-f9734d76cdd4,no unique Spanish preferred candidate,0,0
170307,c197b536-0e49-4813-8ff1-d14c11a8e0f4,no unique Spanish preferred candidate,0,0
170306,0b51bda0-5154-4ac7-9966-e591117a8c0a,no unique Spanish preferred candidate,0,0
170305,564eba81-e5a8-47c8-8463-f9c5fdb951e0,no unique Spanish preferred candidate,0,0
170304,c75f35d6-a3e6-4590-b71e-a4006ff6d546,no unique Spanish preferred candidate,0,0
170303,c87f739b-7337-45e4-ac0d-faf2802ed71c,no unique Spanish preferred candidate,0,0
170302,e2d228e0-c772-4b7c-987d-76c99cb55c8a,no unique Spanish preferred candidate,0,0
170301,47ce4dc1-2912-4138-b4bb-a9dac3c1b813,no unique Spanish preferred candidate,0,0
170300,be69cf18-7649-4e9a-8bf6-7b804a2e9fbd,no unique Spanish preferred candidate,0,0
170299,470b0e88-ef20-4843-8a40-1b883f69daea,no unique Spanish preferred candidate,0,0
170298,2768ef11-1e6c-41a2-872d-6f63eda6c70a,no unique Spanish preferred candidate,0,0
170297,0b75f9a8-d08c-4bcf-835a-f8e40620a37a,no unique Spanish preferred candidate,0,0
170296,267b5b2e-0f84-46fb-8823-f22135acf002,no unique Spanish preferred candidate,0,0
170295,4107e5a1-f3bc-45ad-acbd-c80d76b250db,no unique Spanish preferred candidate,0,0
170294,9da3882f-ba06-4e06-87bf-1eea23932b15,no unique Spanish preferred candidate,0,0
170293,440d5742-5b2b-4b3c-8141-0fdd5da8b43a,no unique Spanish preferred candidate,0,0
170292,34fbbf54-957b-4336-9f06-aa240c81ff47,no unique Spanish preferred candidate,0,0
170291,9bdd0a52-83d6-4d03-a634-b96a4e9bb5fb,no unique Spanish preferred candidate,0,0
170290,7899d9ea-122f-43b7-8126-5a7e60749f64,no unique Spanish preferred candidate,0,0
170289,2200535d-8825-4166-b7d6-1c2c9d9a901e,no unique Spanish preferred candidate,0,0
170288,347b6309-1080-4821-adf3-9c8e794b7017,no unique Spanish preferred candidate,0,0
170287,1758d008-5f58-412f-834b-fd05b80cba09,no unique Spanish preferred candidate,0,0
170286,f7af2ed7-c679-4a2f-a497-9f610ed7559b,no unique Spanish preferred candidate,0,0
170285,7f73a776-dcb8-4041-b726-6c485262f1e6,no unique Spanish preferred candidate,0,0
170284,2b938559-3d75-4309-804b-c0ea11d9a572,no unique Spanish preferred candidate,0,0
170283,fada6934-45c8-4ec0-8bfe-3bd9b6544456,no unique Spanish preferred candidate,0,0
170282,ecb503c4-4c66-4687-b101-7382edaf1117,no unique Spanish preferred candidate,0,0
170281,1e5dff75-40c3-46fa-bb82-9a0eb2c62de0,no unique Spanish preferred candidate,0,0
170280,43a50e8c-2076-4586-af72-ca3b62bcd899,no unique Spanish preferred candidate,0,0
170279,52457513-98bf-4f16-a179-ce9fcf8bbd20,no unique Spanish preferred candidate,0,0
170278,1161af81-2c45-4bdb-8f18-c74dc8495286,no unique Spanish preferred candidate,0,0
170277,9d0715d8-969d-4c51-b38e-61597f80a741,no unique Spanish preferred candidate,0,0
170276,9cfac695-73af-41c2-9bf4-9895ec96c474,no unique Spanish preferred candidate,0,0
170275,2ee49fd5-72b3-42ab-a21d-a9fa9634e6c1,no unique Spanish preferred candidate,0,0
170274,c38ddcb5-50c0-429f-9bdb-a6142ffb475c,no unique Spanish preferred candidate,0,0
170273,2ed0bc9f-93e1-4032-b788-b6c48de2e3c1,no unique Spanish preferred candidate,0,0
170272,606a0206-e462-4e2f-b3a8-32dcdd5de966,no unique Spanish preferred candidate,0,0
170271,a6dab0f5-505d-471c-a407-7a869460b622,no unique Spanish preferred candidate,0,0
170270,95e7a635-16b5-4f6f-87d9-a014cde1c58b,no unique Spanish preferred candidate,0,0
170269,65d4bdc0-6b65-4ef4-a5b0-4948108546b5,no unique Spanish preferred candidate,0,0
170268,5bcd570d-af00-4e5c-97e6-6178d9cc93ed,no unique Spanish preferred candidate,0,0
170267,a9df58a8-9b1a-4ced-929e-7c8633ebde6a,no unique Spanish preferred candidate,0,0
170266,02a53060-bad0-4026-b200-cd54b2529e3b,no unique Spanish preferred candidate,0,0
170265,7734bc1b-24ce-4765-a359-63e0901f9b6e,no unique Spanish preferred candidate,0,0
170264,091d5119-3d00-40cd-bf5f-cb842871c0b4,no unique Spanish preferred candidate,0,0
170263,654f03ec-a279-48e1-b146-981a3740e3bb,no unique Spanish preferred candidate,0,0
170262,8029b79f-35f9-44a5-b079-f48a6853a115,no unique Spanish preferred candidate,0,0
170261,573276a4-5436-4c1f-99cf-b9017338ce95,no unique Spanish preferred candidate,0,0
170260,183bc6ee-2328-4633-97ef-30e0855aa0d6,no unique Spanish preferred candidate,0,0
170259,df33b6f9-4f8b-469d-9bc3-5fa80ff17292,no unique Spanish preferred candidate,0,0
170258,2988238f-4a63-4c8a-a532-a92405e1cbfc,no unique Spanish preferred candidate,0,0
170257,4f93f69d-6360-4f93-9085-785f9b0da7b0,no unique Spanish preferred candidate,0,0
170256,55f6715f-0e2b-4561-aeeb-b6b4354f023a,no unique Spanish preferred candidate,0,0
170255,bd17f590-00fc-4a7f-bd7f-3a0d80676996,no unique Spanish preferred candidate,0,0
170254,abb6c13d-3210-41ae-888c-05538668a0c9,no unique Spanish preferred candidate,0,0
170253,eb472714-96da-4e57-b1df-671eca390b0f,no unique Spanish preferred candidate,0,0
170252,af39d728-9ed3-40e3-aca8-8460fb32fff1,no unique Spanish preferred candidate,0,0
170251,e9c8c2a1-9d95-4137-8cef-f59aee840879,no unique Spanish preferred candidate,0,0
170250,dc59ae36-d838-43b9-b5b8-d2396dfa50e6,no unique Spanish preferred candidate,0,0
170249,a8caf367-e335-4ce3-9c76-745ccd78c3a3,no unique Spanish preferred candidate,0,0
170248,c8282e71-f5f4-4d5a-9fbc-fb0217c3d965,no unique Spanish preferred candidate,0,0
170247,15d85a6f-43b8-4c8a-b7ee-d7c906069bff,no unique Spanish preferred candidate,0,0
170246,e7e41c2c-126c-4ced-bc4c-da715ffbf24f,no unique Spanish preferred candidate,0,0
170245,5aac7f75-cb52-4b9e-9276-a2ae89ef96d2,no unique Spanish preferred candidate,0,0
170244,af5abc12-98d5-4088-8dee-34c8344bc4e0,no unique Spanish preferred candidate,0,0
170243,67273c4f-36d2-46b4-9154-152258a7ab65,no unique Spanish preferred candidate,0,0
170242,73a6be38-7df7-4169-b081-a31a73817cf9,no unique Spanish preferred candidate,0,0
170241,7d7f55e3-c1af-480c-8c50-4118e0252ebf,no unique Spanish preferred candidate,0,0
170240,a42853a5-8f03-439e-b4fa-9c2ce8509663,no unique Spanish preferred candidate,0,0
170239,773c06ca-366e-4ba8-ab9d-6fded5357a8c,no unique Spanish preferred candidate,0,0
170238,c0abd099-f432-45ed-b2c8-2aefcb4aac33,no unique Spanish preferred candidate,0,0
170237,b6ce8da4-e258-45ec-961d-6ee41eef4ddd,no unique Spanish preferred candidate,0,0
170236,642e75cc-9a5a-4aaf-80ce-af68bfaea32f,no unique Spanish preferred candidate,0,0
170235,243a68b1-a874-42e1-87a1-3b9646669be9,no unique Spanish preferred candidate,0,0
170234,ecb74477-599c-4ebe-960b-b130064c93d6,no unique Spanish preferred candidate,0,0
170233,bfb8dbfb-dd25-4742-9349-d1d3df5d2088,no unique Spanish preferred candidate,0,0
170232,d19be4d6-2b82-42aa-885d-3c5e1c3d56de,no unique Spanish preferred candidate,0,0
170231,1078b479-00ea-4ad8-931f-9bda46ced0be,no unique Spanish preferred candidate,0,0
170230,23a4e1c1-7a00-40ea-9569-585524be538a,no unique Spanish preferred candidate,0,0
170229,52d037cb-1f34-443f-8f66-2101330bc910,no unique Spanish preferred candidate,0,0
170228,31e03c4e-fba6-4702-b653-b80e6f087d4c,no unique Spanish preferred candidate,0,0
170227,29eb59e1-1c72-465d-b471-d25544b1f4ed,no unique Spanish preferred candidate,0,0
170226,bb21cd1c-dbb2-41a7-b382-f5e5722e8981,no unique Spanish preferred candidate,0,0
170225,49423428-121f-40e6-b819-49229954a169,no unique Spanish preferred candidate,0,0
170224,37d0584d-ffe4-49e2-ba64-569d00449a98,no unique Spanish preferred candidate,0,0
170223,f1f769c9-3cbf-43e1-af3d-459d0682e235,no unique Spanish preferred candidate,0,0
170222,f779579f-7609-4096-9c1d-b13163a0c8b5,no unique Spanish preferred candidate,0,0
170221,01921e19-7a42-4419-bbca-46bdbf551508,no unique Spanish preferred candidate,0,0
170220,e6b33eb7-fd9a-4794-9b39-da7e2c13b832,no unique Spanish preferred candidate,0,0
170219,4804a79a-6d85-40c7-af3c-1680971097bc,no unique Spanish preferred candidate,0,0
170218,8d28d523-013d-4ec1-848d-5697b549e605,no unique Spanish preferred candidate,0,0
170217,39716a03-d37f-4114-a848-0636f9dc5f16,no unique Spanish preferred candidate,0,0
170216,d6cf39fb-70a2-42a1-96e7-5d3a14806351,no unique Spanish preferred candidate,0,0
170215,70514a45-9481-47ee-8000-7e859c0ea16d,no unique Spanish preferred candidate,0,0
170214,2383298f-b576-4af5-b1a4-cd71c0cf43ff,no unique Spanish preferred candidate,0,0
170213,60a54f36-9fae-4bb9-9450-8c96828a3f86,no unique Spanish preferred candidate,0,0
170212,06448cfb-5f69-4a60-87cb-7bbfb70ea724,no unique Spanish preferred candidate,0,0
170211,7c4f046b-d91f-4cdb-9e2a-92be5afa01cc,no unique Spanish preferred candidate,0,0
170210,c6f8624d-624a-4c40-9ae9-20a0bfc62d79,no unique Spanish preferred candidate,0,0
170209,55682ece-59be-4e10-93ff-7900c2b60224,no unique Spanish preferred candidate,0,0
170208,ccd1e7c0-6d37-49d7-b02e-4ddc07c8efdb,no unique Spanish preferred candidate,0,0
170207,90f3538a-a019-4c37-832d-0b7c06dea488,no unique Spanish preferred candidate,0,0
170206,e43513dd-ea77-49bb-b4d2-cb82b21bbf8a,no unique Spanish preferred candidate,0,0
170205,154bc269-96d7-427d-93f4-6235621d1693,no unique Spanish preferred candidate,0,0
170204,3d3ecc62-0caa-4e6d-a476-1a306d425cba,no unique Spanish preferred candidate,0,0
170203,81aec00d-4b98-43fa-b241-cb56f7fe4e01,no unique Spanish preferred candidate,0,0
170202,8dfc2131-65b2-4f1d-8a97-039199283577,no unique Spanish preferred candidate,0,0
170201,b92f6965-df4b-4655-929e-4e76d392fe42,no unique Spanish preferred candidate,0,0
170200,42d87d36-2ff6-49ef-8289-bebe2a054566,no unique Spanish preferred candidate,0,0
170199,89154004-80d0-4b0c-a5cd-059512eadd3b,no unique Spanish preferred candidate,0,0
170198,c798dc78-0179-4476-bd18-f15e3f6a380d,no unique Spanish preferred candidate,0,0
170197,279cac69-7dab-4c43-a895-e311a8eeea5a,no unique Spanish preferred candidate,0,0
170196,298c23bf-c450-48d6-890e-a1dfe68f16b0,no unique Spanish preferred candidate,0,0
170195,318ecbc2-5cd1-44be-9c35-d98af3ba3125,no unique Spanish preferred candidate,0,0
170194,f9671ba5-4887-4e35-a951-42167241b701,no unique Spanish preferred candidate,0,0
170193,a662d225-1d2b-494b-900f-2a8f827e8df1,no unique Spanish preferred candidate,0,0
170192,bf505825-8c3e-4b3d-b69e-0be27aabf27f,no unique Spanish preferred candidate,0,0
170191,fff1ced2-7852-4b4a-b565-4c79d4ebf3b4,no unique Spanish preferred candidate,0,0
170190,4007c0fb-8298-4abb-8d21-02d20d45d936,no unique Spanish preferred candidate,0,0
170189,5fc1716d-f59e-46c3-bcb4-d255068bfe79,no unique Spanish preferred candidate,0,0
170188,b3334a11-065c-4fb3-b758-2895e70411e1,no unique Spanish preferred candidate,0,0
170187,2cd8a92d-d3d2-42c5-aec6-81caa99e753d,no unique Spanish preferred candidate,0,0
170186,7807acaf-1904-451e-bbe8-62cea390e308,no unique Spanish preferred candidate,0,0
170185,18206bb8-5feb-4c4b-95ee-a066079065c1,no unique Spanish preferred candidate,0,0
170184,b238e23b-1718-4176-b9cb-188bbc3ff328,no unique Spanish preferred candidate,0,0
170183,7ee9b181-0d99-4709-864d-58c99811b662,no unique Spanish preferred candidate,0,0
170182,a2d2ea92-c6c9-4aad-96d4-f62caa06fc0f,no unique Spanish preferred candidate,0,0
170181,7903db41-a6ac-43cb-9116-f859e5f1ca0f,no unique Spanish preferred candidate,0,0
170180,bfb52f0a-09ac-4f03-9185-f53269831da0,no unique Spanish preferred candidate,0,0
170179,4c504845-9592-4dfd-8850-274c4a9122f4,no unique Spanish preferred candidate,0,0
170178,834f0132-5312-40af-b965-8cbee8eed043,no unique Spanish preferred candidate,0,0
170177,813a6fcc-42cc-4cca-b2f6-d8d5632adfbb,no unique Spanish preferred candidate,0,0
170176,986586bb-5197-4c74-b3ac-d0ffbc31596d,no unique Spanish preferred candidate,0,0
170175,f28b8df6-7187-4d9d-89fa-c9821766077b,no unique Spanish preferred candidate,0,0
170174,1d9ba092-4044-4e86-a2e3-6ef60eb4ad5a,no unique Spanish preferred candidate,0,0
170173,6a0ee7c3-9ccc-4578-a617-a9097e697845,no unique Spanish preferred candidate,0,0
170172,cfeafef7-d706-41ac-b0aa-81d1fbe7c9e7,no unique Spanish preferred candidate,0,0
170171,476c4c66-70e6-4d96-90cc-f813edcc3b18,no unique Spanish preferred candidate,0,0
170170,0e9434e2-f009-4c6b-a31a-9647ca9e9f8b,no unique Spanish preferred candidate,0,0
170169,d736e248-5ebc-4465-b6eb-4356b3fd643d,no unique Spanish preferred candidate,0,0
170168,6baa139e-0201-449f-ba46-a82e389c7d68,no unique Spanish preferred candidate,0,0
170167,bdbfdfe3-24bb-40ea-b8db-2cfe6aa0d2e3,no unique Spanish preferred candidate,0,0
170166,9564816f-d6c6-4512-9f55-ef18e335f82a,no unique Spanish preferred candidate,0,0
170165,73e3d364-afb9-45a9-9463-c0c0150ed1ab,no unique Spanish preferred candidate,0,0
170164,633796ea-4cea-427a-96b0-6e1d661bf633,no unique Spanish preferred candidate,0,0
170163,abb701d1-09ad-436e-b3b3-4d3704d390a7,no unique Spanish preferred candidate,0,0
170162,9256601c-151b-4a5e-8e52-71e522c7fb3d,no unique Spanish preferred candidate,0,0
170161,add407ca-fa0e-4ef8-949a-1f00d8bd668b,no unique Spanish preferred candidate,0,0
170160,68f750ff-54eb-41c8-833f-59aa02469172,no unique Spanish preferred candidate,0,0
170159,4d38f4bb-db14-4e0d-95d4-a0367f4448e8,no unique Spanish preferred candidate,0,0
170158,be96d769-c027-4304-a429-e4c0fb9dfbad,no unique Spanish preferred candidate,0,0
170157,646950f2-5d85-4fed-a83c-173427468674,no unique Spanish preferred candidate,0,0
170156,6d132590-2164-4029-a123-c879dc3c9fa9,no unique Spanish preferred candidate,0,0
170155,98df682d-a6df-45af-b7e9-43552d6d93de,no unique Spanish preferred candidate,0,0
170154,b2b20e60-55b7-493e-9265-1ab97a26ca8a,no unique Spanish preferred candidate,0,0
170153,871b99ed-b655-4da4-92da-effa0f844a81,no unique Spanish preferred candidate,0,0
170152,cf7a6c47-18f8-4f4c-80cf-416cef1433b0,no unique Spanish preferred candidate,0,0
170151,7f41fdd0-2b45-4686-993f-e301710449fe,no unique Spanish preferred candidate,0,0
170150,2412067b-88eb-4b74-bd4f-998eb792d42f,no unique Spanish preferred candidate,0,0
170149,548a5a4f-ad5d-42ed-9ee1-8165a9a4491c,no unique Spanish preferred candidate,0,0
170148,c527ce50-840c-4af3-abc3-9797d102b92c,no unique Spanish preferred candidate,0,0
170147,578ccee0-69c1-4938-9e7c-74b95c67c85d,no unique Spanish preferred candidate,0,0
170146,5bdc5e18-9921-4718-b1a4-a65fff8c1837,no unique Spanish preferred candidate,0,0
170145,e6ffea95-0c2e-466b-930c-e42d2a71949d,no unique Spanish preferred candidate,0,0
170144,a6ce69bc-e941-429b-a442-1ca586f727a7,no unique Spanish preferred candidate,0,0
170143,7c5dbf18-3abd-4895-98d9-a10cf01e1b34,no unique Spanish preferred candidate,0,0
170142,1f95a880-7651-48a8-afd3-683334907abb,no unique Spanish preferred candidate,0,0
170141,4befa728-a899-4547-adb6-d72c21b2584f,no unique Spanish preferred candidate,0,0
170140,41fa0d4d-9810-4706-9625-2d93ceb53090,no unique Spanish preferred candidate,0,0
170139,b64f3d93-9e0c-4b55-b326-3eba3f612b19,no unique Spanish preferred candidate,0,0
170138,708d2e3b-fe12-4452-8ff6-80f617e13881,no unique Spanish preferred candidate,0,0
170137,40bc37de-4bce-446f-befa-6b63486b8b88,no unique Spanish preferred candidate,0,0
170136,293de290-0dfe-46e8-9fd6-345a9ab773a7,no unique Spanish preferred candidate,0,0
170135,5c210584-cb90-4b19-9251-b8b09d777a24,no unique Spanish preferred candidate,0,0
170134,d550a8d9-e8c9-498b-a3f0-513f0ad1aec6,no unique Spanish preferred candidate,0,0
170133,f9a5b5d7-3a2e-4219-87cc-9e79d96490a7,no unique Spanish preferred candidate,0,0
170132,78cc7ba3-830c-46fe-a784-a7781b2709bf,no unique Spanish preferred candidate,0,0
170131,7de6fef6-4efb-4723-90b7-33070adfff1b,no unique Spanish preferred candidate,0,0
170130,f6b753e8-ea08-4359-9a9e-60d4d3674ff3,no unique Spanish preferred candidate,0,0
170129,ee3745c9-eaf5-4a94-81c5-2c373c0f7278,no unique Spanish preferred candidate,0,0
170128,3224244b-51a2-4142-8d92-d8270cc0ca57,no unique Spanish preferred candidate,0,0
170127,122f5f92-db0d-4ca5-8d6e-f55d9c169c65,no unique Spanish preferred candidate,0,0
170126,59bc5afd-8a73-4800-8882-e2ab67e0f50f,no unique Spanish preferred candidate,0,0
170125,d5dacbe0-fea0-4e45-956d-8405f37d79a5,no unique Spanish preferred candidate,0,0
170124,82e41d3b-e53a-420d-aa1b-96d9b5e90107,no unique Spanish preferred candidate,0,0
170123,8fd37c1a-d7dd-4af3-8fb7-896123dbb2a4,no unique Spanish preferred candidate,0,0
170122,8abbf10a-9d36-4e8a-af6e-86fbe4c7e346,no unique Spanish preferred candidate,0,0
170121,a22a8f3f-781d-4df5-992d-773bbbf26608,no unique Spanish preferred candidate,0,0
170120,410bae73-573c-4502-92f1-efb567ab1946,no unique Spanish preferred candidate,0,0
170119,8d5339c9-7de7-4728-98e7-691712431170,no unique Spanish preferred candidate,0,0
170118,151d2ccb-39b0-48ae-8574-829d77bd9b4a,no unique Spanish preferred candidate,0,0
170117,690117c8-28c2-495f-bd54-7b4217630d99,no unique Spanish preferred candidate,0,0
170116,9724e51b-faea-45a1-852e-15fe0b971232,no unique Spanish preferred candidate,0,0
170115,3fb4374c-dc5d-4dcc-9c28-54c2b3bfe806,no unique Spanish preferred candidate,0,0
170114,afffdb8c-e6d5-4c4d-8ed6-6fe7d8423261,no unique Spanish preferred candidate,0,0
170113,85ff8a98-4d1d-4a9b-b5b8-497f57ceff9d,no unique Spanish preferred candidate,0,0
170112,e20185ff-edac-4086-b9df-4cbc868c456d,no unique Spanish preferred candidate,0,0
170111,d80dc09e-9e30-4e9f-8b7b-c39041b7bd3e,no unique Spanish preferred candidate,0,0
170110,5e67ba1d-380b-4767-a4a0-0960d7a18db1,no unique Spanish preferred candidate,0,0
170109,0a5d0c40-c216-4f46-ac27-9a29be93cd6a,no unique Spanish preferred candidate,0,0
170108,7f4865fc-8267-49b3-92ba-b4e8dc5ca691,no unique Spanish preferred candidate,0,0
170107,551e53ec-2add-4d3a-be53-2b758498c173,no unique Spanish preferred candidate,0,0
170106,1b4176f7-0db4-46fc-b0d9-e2f47207fa58,no unique Spanish preferred candidate,0,0
170105,601968d6-4553-4ac0-ad76-342cae44f990,no unique Spanish preferred candidate,0,0
170104,83a72e28-00b4-4676-bcfe-2ce503b5d938,no unique Spanish preferred candidate,0,0
170103,42fcc8a3-a86e-4571-b777-1ab8d6912d4e,no unique Spanish preferred candidate,0,0
170102,057fbc93-68ca-4af3-92e7-4b517e7da2d0,no unique Spanish preferred candidate,0,0
170101,09a5e271-4173-45ae-890c-753200963e84,no unique Spanish preferred candidate,0,0
170100,ac1d2dbb-26bc-47cb-96db-b0f1e07fb700,no unique Spanish preferred candidate,0,0
170099,faa466c5-0953-4d4f-8ea7-d9a06341c3f3,no unique Spanish preferred candidate,0,0
170098,5071d119-9a93-4ed1-acc5-4c7ee89549a9,no unique Spanish preferred candidate,0,0
170097,9050d89c-9077-461c-8b2c-b6177d2b29c5,no unique Spanish preferred candidate,0,0
170096,981107d5-438c-4c5a-bdbb-6c74eb7d85c6,no unique Spanish preferred candidate,0,0
170095,83fddef6-4046-4852-af2d-c6c8ab7dc67a,no unique Spanish preferred candidate,0,0
170094,84d529da-5a1f-49ed-94eb-e21deecdb968,no unique Spanish preferred candidate,0,0
170093,f334fe53-51cd-440d-83cf-d5069dec3a69,no unique Spanish preferred candidate,0,0
170092,a1a04f33-1e92-4d9d-95e5-c2f588f1997d,no unique Spanish preferred candidate,0,0
170091,e5aa0ab1-34c0-4d3d-a6dd-d2dd5f8ceab8,no unique Spanish preferred candidate,0,0
170090,e82a6094-b3da-4d28-8c0e-098ff7807cdf,no unique Spanish preferred candidate,0,0
170089,a785fb68-197a-44f4-b0d4-c19415da9b8f,no unique Spanish preferred candidate,0,0
170088,95c5710a-9d64-4905-9c76-7445eab92fa6,no unique Spanish preferred candidate,0,0
170087,bb22aff4-3cdc-48be-a285-acb462a5f3cd,no unique Spanish preferred candidate,0,0
170086,4136a610-c0d5-4ba8-a5c5-3f1bf3a1c8c5,no unique Spanish preferred candidate,0,0
170085,635114ca-7f5c-4976-9dd1-7ec0a392f949,no unique Spanish preferred candidate,0,0
170084,eb6aae03-a516-4f28-a85d-df5b1987134e,no unique Spanish preferred candidate,0,0
170083,ab57c4d8-bdf0-4690-83cc-13079d1ac365,no unique Spanish preferred candidate,0,0
170082,94fc4dea-0717-4162-892f-19e0dbf13691,no unique Spanish preferred candidate,0,0
170081,a3c8e0b9-412a-42fb-849a-4f0ef676df79,no unique Spanish preferred candidate,0,0
170080,1d278130-fdd3-4f39-9db0-f080dfb89802,no unique Spanish preferred candidate,0,0
170079,177c1216-56e8-46b8-ad0e-4b5372363b1b,no unique Spanish preferred candidate,0,0
170078,880de835-feb0-4ce9-9900-1d146ea9e52f,no unique Spanish preferred candidate,0,0
170077,a2174439-2751-4260-87d7-c9e2ec5d1b10,no unique Spanish preferred candidate,0,0
170076,7335d67c-a492-45ef-95ec-548fb8fc9e5a,no unique Spanish preferred candidate,0,0
170075,ad2cab60-300f-4951-a2f0-44562d8b63fc,no unique Spanish preferred candidate,0,0
170074,965cfdef-c59b-4138-ae34-13b3dcfc88d5,no unique Spanish preferred candidate,0,0
170073,1f7461e3-dc17-411d-a4a8-b780cf373ee0,no unique Spanish preferred candidate,0,0
170072,9ce20844-d9c5-46e0-89b9-b022ade9fd31,no unique Spanish preferred candidate,0,0
170071,0064075d-c828-4f6d-979d-8f9c3b5ed6ef,no unique Spanish preferred candidate,0,0
170070,72051ea2-353f-4004-afe8-a5fdc74e0630,no unique Spanish preferred candidate,0,0
170069,c5e76749-0c85-46d3-a766-1471bea65480,no unique Spanish preferred candidate,0,0
170068,80bb57bb-28ac-481b-a9fd-48fe8dd514d9,no unique Spanish preferred candidate,0,0
170067,7e33717f-8a04-4099-8662-9e2b990c8e93,no unique Spanish preferred candidate,0,0
170066,1bc45792-4ec6-4729-8308-d818295187d1,no unique Spanish preferred candidate,0,0
170065,06c729e4-c83f-4fce-bea8-3d198eb5dbcb,no unique Spanish preferred candidate,0,0
170064,f0d4b51c-059d-4d1d-9f3d-cf8b33b59568,no unique Spanish preferred candidate,0,0
170063,2f3235c6-c4b1-482f-a187-affab5c39e98,no unique Spanish preferred candidate,0,0
170062,595be746-a940-4c1d-8b6b-07a26e74324b,no unique Spanish preferred candidate,0,0
170061,6b6933e0-aa5f-4685-8565-bb0daf7aec9a,no unique Spanish preferred candidate,0,0
170060,8b04899c-0e92-4bef-98e3-e23c9bff3d4b,no unique Spanish preferred candidate,0,0
170059,c9a679aa-fcad-4362-baac-a11a795ba577,no unique Spanish preferred candidate,0,0
170058,62491e93-56af-4812-a0e6-2350c409263d,no unique Spanish preferred candidate,0,0
170057,1db39f8e-9736-418c-9890-31786e69874c,no unique Spanish preferred candidate,0,0
170056,06363431-f4b2-4e82-8274-034fa9131067,no unique Spanish preferred candidate,0,0
170055,59328ffc-5c11-4aef-b02d-5debd6c13a92,no unique Spanish preferred candidate,0,0
170054,5808e15b-9d4d-4bcf-b033-e593ce07fea0,no unique Spanish preferred candidate,0,0
170053,7f40d118-590d-4a2f-9b66-76a6e4117790,no unique Spanish preferred candidate,0,0
170052,c82504e5-5d15-456f-b899-a8d68bc5a8f5,no unique Spanish preferred candidate,0,0
170051,12d87618-d270-4bc2-a0ec-f87a1c62ece7,no unique Spanish preferred candidate,0,0
170050,cb19259c-8fd0-4555-bf4a-7c9a4469d879,no unique Spanish preferred candidate,0,0
170049,7e427c7b-8b3a-4e3b-98a9-dda95dbe7535,no unique Spanish preferred candidate,0,0
170048,c202f511-d132-40f2-a13f-761a30fecc32,no unique Spanish preferred candidate,0,0
170047,3cab6b26-2dad-4f8f-a456-ea1170118671,no unique Spanish preferred candidate,0,0
170046,9016d9af-3c6b-40bb-b257-ef9c69be4f38,no unique Spanish preferred candidate,0,0
170045,b05585e2-545e-4425-9dcc-02e0b696d262,no unique Spanish preferred candidate,0,0
170044,675e5ed8-00f6-469f-9e9c-35a09bdc41d2,no unique Spanish preferred candidate,0,0
170043,1d188a18-4307-4baa-9336-9b3c6840cb92,no unique Spanish preferred candidate,0,0
170042,8f1e16cd-457c-48eb-9ba6-e1e17b20f29a,no unique Spanish preferred candidate,0,0
170041,a04b4cac-7152-4672-a9a2-0b04a3dcd4be,no unique Spanish preferred candidate,0,0
170040,30337186-8bdc-42e8-9e24-6339e72cf773,no unique Spanish preferred candidate,0,0
170039,3b3e14c9-3530-43c8-b967-5f493d7180f0,no unique Spanish preferred candidate,0,0
170038,32e66b9e-3e94-490e-9864-3fdf2858f51e,no unique Spanish preferred candidate,0,0
170037,cb4f4416-b2f6-426d-aea7-2bbad73ad3c1,no unique Spanish preferred candidate,0,0
170036,a9240a1f-1f8c-44be-b292-a2959509c554,no unique Spanish preferred candidate,0,0
170035,e0fd010d-1e65-462c-a2c7-0b3b2651a790,no unique Spanish preferred candidate,0,0
170034,9fc9ce1a-003b-4694-ad84-ac8f0bc62e21,no unique Spanish preferred candidate,0,0
170033,57ea052f-3e59-483b-85f2-421fc3093064,no unique Spanish preferred candidate,0,0
170032,74b16fdd-e901-4c75-ba2f-123aeda4393a,no unique Spanish preferred candidate,0,0
170031,6c73ff32-e5d0-4f1e-8bcc-34beee6958b0,no unique Spanish preferred candidate,0,0
170030,0b9b9edc-1add-4cd2-ac95-69870f1c8ab2,no unique Spanish preferred candidate,0,0
170029,77a95a19-8eb0-4b93-8be2-a42f5754771d,no unique Spanish preferred candidate,0,0
170028,1b4812eb-91d9-4b73-be2f-2ba1e09e1776,no unique Spanish preferred candidate,0,0
170027,38753f62-2c4f-4ebc-a53d-a37d2536fc5e,no unique Spanish preferred candidate,0,0
170026,9807768b-a6b6-42e2-b840-7c0c04191e01,no unique Spanish preferred candidate,0,0
170025,e72720a0-df8c-442c-aa83-096aaaec365a,no unique Spanish preferred candidate,0,0
170024,9ef64b5c-2523-4049-a23d-4c6bf8c61cb4,no unique Spanish preferred candidate,0,0
170023,9bece8e5-2434-474a-bafc-836396fdf291,no unique Spanish preferred candidate,0,0
170022,3a9021d1-d6c1-4fc2-8e30-ca8e204e44de,no unique Spanish preferred candidate,0,0
170021,cd539500-7b53-49f6-89d8-629f1d62af57,no unique Spanish preferred candidate,0,0
170020,2450d06c-b2eb-431a-aab9-cfa9c2f32fc9,no unique Spanish preferred candidate,0,0
170019,5b3a9913-7f22-4ef0-ad07-77e5200c5304,no unique Spanish preferred candidate,0,0
170018,34bcbb57-23b4-4f06-bae5-7b6349a9b087,no unique Spanish preferred candidate,0,0
170017,801792f2-99ae-4408-964f-2cf2094cd0ad,no unique Spanish preferred candidate,0,0
170016,eee2fd41-1c0a-49aa-b2de-066b5807a908,no unique Spanish preferred candidate,0,0
170015,9f8e01fb-3052-46cc-824a-29f6200aab91,no unique Spanish preferred candidate,0,0
170014,b54b80a6-c5e0-4ecb-b580-bfa2c1fb98c8,no unique Spanish preferred candidate,0,0
170013,58b26824-eb90-4585-abd3-e9ce096e2010,no unique Spanish preferred candidate,0,0
170012,e9751e81-d15d-4957-8e45-bfb08eb2cd61,no unique Spanish preferred candidate,0,0
170011,6d694c57-0f84-4735-b6a2-cb6edcad309d,no unique Spanish preferred candidate,0,0
170010,3e84f788-13cb-42ec-be3a-8c987e6c4253,no unique Spanish preferred candidate,0,0
170009,c4e0c674-359a-40f6-b5a9-53add4491610,no unique Spanish preferred candidate,0,0
170008,8ccf6066-9297-4d76-aaf3-00aa3714d198,no unique Spanish preferred candidate,0,0
170007,7b0f51f3-6fcb-4462-8746-3328e11a7d97,no unique Spanish preferred candidate,0,0
170006,3b3c59bb-e32d-4ce0-9671-c6b1f27dc85b,no unique Spanish preferred candidate,0,0
170005,a4fb71a6-1a1e-41d1-b925-4e42ac430684,no unique Spanish preferred candidate,0,0
170004,5c16ccfb-8331-4b72-aa9c-65eb159c236d,no unique Spanish preferred candidate,0,0
170003,a6d438fe-05c1-4d4d-9755-c11cf6b0b3b9,no unique Spanish preferred candidate,0,0
170002,2341b8dc-cdfa-4d54-a5e6-f33d31fd5455,no unique Spanish preferred candidate,0,0
170001,1b5b3ae9-7d63-421b-bd09-4dba9cf34788,no unique Spanish preferred candidate,0,0
170000,8a02df1c-fb60-4c5f-8b20-3cdc8687e198,no unique Spanish preferred candidate,0,0
170,170AAAAAAAAAAAAAAAAAAAAAAAAAAAAAAAAA,no unique Spanish preferred candidate,0,1
169999,a14b1d52-90e2-4ca4-a94d-c80dd071663f,no unique Spanish preferred candidate,0,0
169998,3360a413-a0ec-463f-aa50-8bdbf36dfd7b,no unique Spanish preferred candidate,0,0
169997,3a3bcaec-44a4-4ba5-a7cc-143062959f9d,no unique Spanish preferred candidate,0,0
169996,8a042cbb-0ac6-4a4d-a1ce-6c8fbb621bdb,no unique Spanish preferred candidate,0,0
169995,5a616659-3edf-40ad-8a7f-d1252ed29ff5,no unique Spanish preferred candidate,0,0
169994,ba0c591e-5365-4912-a3ce-24890b3fd8e0,no unique Spanish preferred candidate,0,0
169993,848b455d-0052-4c09-97cb-76743c4b816f,no unique Spanish preferred candidate,0,0
169992,9c051008-d26c-4c93-87e7-04d4c77da9d2,no unique Spanish preferred candidate,0,0
169991,6370139b-fef0-440f-9b0c-b1bb5dd0e049,no unique Spanish preferred candidate,0,0
169990,fdb78298-44e0-435e-9373-ca93e3937825,no unique Spanish preferred candidate,0,0
169989,9754560b-ac8a-42ad-b882-df6805b9fd07,no unique Spanish preferred candidate,0,0
169988,b9eec869-0246-4731-ac50-81a67215b442,no unique Spanish preferred candidate,0,0
169987,4c593630-0020-484f-a7be-d914bf6ddf5d,no unique Spanish preferred candidate,0,0
169986,252dcb89-8fdc-4ac0-8c01-01c3dfae20da,no unique Spanish preferred candidate,0,0
169985,60b7a560-97cb-48ab-84f7-e516cd6fa2a8,no unique Spanish preferred candidate,0,0
169983,139d388d-f45a-4f28-91f1-b730a65713ec,no unique Spanish preferred candidate,0,0
169982,540b97c8-54e1-4ad4-93cd-c3d26d1cf16a,no unique Spanish preferred candidate,0,0
169981,1a4a2e72-fbaa-42bd-8eb2-c102cceaf316,no unique Spanish preferred candidate,0,0
169980,20692fae-5a79-4d7b-b485-09d22d641081,no unique Spanish preferred candidate,0,0
169979,2418046b-3153-4cbf-8dd3-c1e4579ba26a,no unique Spanish preferred candidate,0,0
169978,46b92842-f9cb-47d1-8ec3-dc084eec1d52,no unique Spanish preferred candidate,0,0
169977,08b9971a-b2c1-4c10-a55e-7ba14cd54653,no unique Spanish preferred candidate,0,0
169976,82021b16-36b4-4bf4-ad7b-2a21f0b0fb1d,no unique Spanish preferred candidate,0,0
169975,57b8863c-c83d-45d7-8b9d-b9e8ba990a64,no unique Spanish preferred candidate,0,0
169974,28614c7d-f1de-4af2-b969-528a9b5312d7,no unique Spanish preferred candidate,0,0
169973,1247d033-8d7f-44d6-9417-58832a08af1f,no unique Spanish preferred candidate,0,0
169972,8163543f-563d-4dd5-b5c0-84e5978b1efd,no unique Spanish preferred candidate,0,0
169971,a16af4c3-20f1-4fd3-bd8f-0a4f6b685657,no unique Spanish preferred candidate,0,0
169970,1aa994e7-2234-4afd-bf79-3a9ac0bfd2a2,no unique Spanish preferred candidate,0,0
169969,fe43c8ec-db8a-4925-912d-47077b8f145f,no unique Spanish preferred candidate,0,0
169968,f69212d6-375b-46d9-8f6e-ab43eb94bd98,no unique Spanish preferred candidate,0,0
169967,e50003da-49e4-4087-9c52-41a7092c6a2e,no unique Spanish preferred candidate,0,0
169966,3f4f0111-4f44-41aa-980d-9db2946ba0dc,no unique Spanish preferred candidate,0,0
169965,50fccf83-650a-4a26-9b5f-3fc711c8c604,no unique Spanish preferred candidate,0,0
169964,285244f9-ab2a-4b8f-ad66-4ed379b8ba7c,no unique Spanish preferred candidate,0,0
169963,a984c7e7-0f6d-402e-b2b9-0d675b5487e1,no unique Spanish preferred candidate,0,0
169962,935bdd31-f0bb-4dc9-b7ae-56ed9fd21250,no unique Spanish preferred candidate,0,0
169961,7b2b551b-cb88-49bd-bc17-0f359070032c,no unique Spanish preferred candidate,0,0
169960,ab8c6eba-fd9d-4696-8bd0-5c26a0fbf618,no unique Spanish preferred candidate,0,0
169959,0c36e31c-15a9-4b80-a730-2f7ada611a67,no unique Spanish preferred candidate,0,0
169958,fd825577-250c-460b-8c50-65696f43c971,no unique Spanish preferred candidate,0,0
169957,d0641e5a-7021-4ee7-99be-3caf3ebf2d36,no unique Spanish preferred candidate,0,0
169956,0bcf435a-6dfd-4d14-8ec2-39fd78e801f0,no unique Spanish preferred candidate,0,0
169955,4a01e7fc-9c04-4015-86b1-4781debe1c6c,no unique Spanish preferred candidate,0,0
169954,47f2c60b-6034-4530-8b81-249ed964fb53,no unique Spanish preferred candidate,0,0
169953,725fbccf-85b7-49d6-a432-e2ceb28df9cb,no unique Spanish preferred candidate,0,0
169952,f41e4a2c-806d-4645-94fe-185a2b7b01df,no unique Spanish preferred candidate,0,0
169951,55277547-3db1-42ec-aaa7-7ef4eae89b21,no unique Spanish preferred candidate,0,0
169950,346d8d84-3389-45c9-b9ff-8a61573ccf75,no unique Spanish preferred candidate,0,0
169949,e97657fe-a11b-4497-97df-7e410a5f94e4,no unique Spanish preferred candidate,0,0
169948,0be09073-cbd2-47cb-9b82-8482d49e6949,no unique Spanish preferred candidate,0,0
169947,aa4130d6-61e1-4608-8c6b-d994e905a502,no unique Spanish preferred candidate,0,0
169946,29f0a27a-08b3-447e-9dbf-a1fce3d2f328,no unique Spanish preferred candidate,0,0
169945,0c6747d6-b022-46e8-88f0-8661cabf0ff9,no unique Spanish preferred candidate,0,0
169944,27fbc6bf-6b1e-4619-8953-77a7b6448c1e,no unique Spanish preferred candidate,0,0
169943,b0dc54b7-e40b-45b4-abc1-847e6043388c,no unique Spanish preferred candidate,0,0
169942,1d198984-0b71-4f93-bb9b-d25adbe5e36c,no unique Spanish preferred candidate,0,0
169941,c017f8b9-1b22-42f3-8136-31dc61835a88,no unique Spanish preferred candidate,0,0
169940,b4632d5f-6441-4ca9-903e-a6e5111afbb9,no unique Spanish preferred candidate,0,0
169939,1339cb17-0ecc-4df3-9c3f-ec8a4add862b,no unique Spanish preferred candidate,0,0
169938,0f83a2df-9161-4272-be03-e1f0b3d37dee,no unique Spanish preferred candidate,0,0
169937,4eb107fa-9e55-44fe-b989-1d0698a3c1c7,no unique Spanish preferred candidate,0,0
169936,3165b21d-07fa-413b-8262-13d44d4fe5d8,no unique Spanish preferred candidate,0,0
169935,06514194-d57e-4502-8eea-daa728e7a56c,no unique Spanish preferred candidate,0,0
169934,dfe2d932-2e3a-4113-87f4-ef09f877fed3,no unique Spanish preferred candidate,0,0
169933,d1b49509-c9ea-4e95-bd83-e6e3324d7522,no unique Spanish preferred candidate,0,0
169932,3e1799ea-f10f-45f1-bd97-7d1c8b7dfcb0,no unique Spanish preferred candidate,0,0
169931,ea2781f8-00cc-439e-9e56-c79cf832a220,no unique Spanish preferred candidate,0,0
169930,e96da114-a498-451d-abad-76ba3b456102,no unique Spanish preferred candidate,0,0
169929,2c702cf1-c497-4736-9ec3-f7a9174a1d72,no unique Spanish preferred candidate,0,0
169928,1f2fc867-c1f7-4d52-9b8c-86be4ba0c829,no unique Spanish preferred candidate,0,0
169927,13d9ba45-b316-4968-b20e-e6c21fd84b8e,no unique Spanish preferred candidate,0,0
169926,4626b700-1741-4724-a8ea-0f90cc8f3475,no unique Spanish preferred candidate,0,0
169925,f2a5181f-f05e-4f9c-8167-443df63f6b8a,no unique Spanish preferred candidate,0,0
169924,138f83fb-f797-442c-b18c-310ea9e972f0,no unique Spanish preferred candidate,0,0
169923,2146db73-5df0-4d15-85d2-6103c62fe615,no unique Spanish preferred candidate,0,0
169922,db7c6672-f790-48cf-a001-2a20af8b1d8a,no unique Spanish preferred candidate,0,0
169921,f54747c2-e175-4583-afde-aabc7be452f0,no unique Spanish preferred candidate,0,0
169920,4b7d6be3-7a88-4f71-aba1-261cee697d08,no unique Spanish preferred candidate,0,0
169919,4498a1fb-3f9c-4424-96aa-c6c3cfceb984,no unique Spanish preferred candidate,0,0
169917,e8b7697b-bc1c-49ab-a56d-15d198bd063d,no unique Spanish preferred candidate,0,0
169916,febad32a-ed64-4830-9d14-bdcd837be69a,no unique Spanish preferred candidate,0,0
169915,d4b698b1-7ad7-433d-be40-b8bbb123ef11,no unique Spanish preferred candidate,0,0
169914,fab186c2-1ec9-4653-9fc6-df944b66bc9d,no unique Spanish preferred candidate,0,0
169913,38211806-2ba2-4e7a-9c58-bf110860d752,no unique Spanish preferred candidate,0,0
169912,822a3b7a-e796-46bf-8429-7ae282b5c838,no unique Spanish preferred candidate,0,0
169911,52674003-5333-4067-a78c-6cf5e61b53d1,no unique Spanish preferred candidate,0,0
169910,2bb919e5-b5fa-435b-b77a-481761b7daba,no unique Spanish preferred candidate,0,0
169909,506b1d54-8319-4c49-ba62-2bdef222f006,no unique Spanish preferred candidate,0,0
169908,1d747c23-7a8d-4f7d-9ce0-8e84b009452b,no unique Spanish preferred candidate,0,0
169907,b223a7d1-fb49-41ed-b4d7-35f4a16f3284,no unique Spanish preferred candidate,0,0
169906,198884da-343e-4fc2-9969-aa7b8025834c,no unique Spanish preferred candidate,0,0
169905,749b3f52-0c44-4441-afe2-4f698eadc453,no unique Spanish preferred candidate,0,0
169904,c0b718dd-60a4-4cff-9f61-5f46385399b0,no unique Spanish preferred candidate,0,0
169903,bb37ca27-b57b-4ed7-8c31-3358ffc0a6bd,no unique Spanish preferred candidate,0,0
169902,039ae661-5d91-46fe-856a-c6e086331c94,no unique Spanish preferred candidate,0,0
169901,7e3c82c0-dad3-4317-8c6f-4063ef159ff7,no unique Spanish preferred candidate,0,0
169900,afccb2a1-e70a-46b3-846f-d4aa717c1e30,no unique Spanish preferred candidate,0,0
169899,d5287053-9780-455b-a14c-8d70d01e741c,no unique Spanish preferred candidate,0,0
169898,373b4ac8-6b13-4bc3-ab10-6124b24b07f1,no unique Spanish preferred candidate,0,0
169897,2ec5c1aa-4147-438d-8aab-3912b5f185ff,no unique Spanish preferred candidate,0,0
169896,8413d36b-c2ef-4d18-8f0d-d012c1641a52,no unique Spanish preferred candidate,0,0
169895,28717f9b-2136-4e4b-a02f-0e76281a6e4a,no unique Spanish preferred candidate,0,0
169894,833fcb74-7408-4707-9430-6823ff85e7da,no unique Spanish preferred candidate,0,0
169893,4786cd6b-c663-44f9-9978-6c9247345c01,no unique Spanish preferred candidate,0,0
169892,9376b4e2-859c-4875-b412-f2d86810bc80,no unique Spanish preferred candidate,0,0
169891,f92dd310-7210-4a9a-8646-f9d3e7f9b60b,no unique Spanish preferred candidate,0,0
169890,b2608cfd-158d-4924-846f-e904a0f1a0ab,no unique Spanish preferred candidate,0,0
169889,0f21be36-babb-4286-8c91-6826a3d17f9f,no unique Spanish preferred candidate,0,0
169888,e1b1f58a-ab2c-4bd8-ba1f-ca8a1daf0e32,no unique Spanish preferred candidate,0,0
169887,4a187c0e-6004-4e30-9db0-3315e1dc51b2,no unique Spanish preferred candidate,0,0
169886,8a68bfec-d5f4-4af8-80ad-6da14b9303b4,no unique Spanish preferred candidate,0,0
169885,b1330799-d92f-412d-8cdc-3275fd2afe01,no unique Spanish preferred candidate,0,0
169884,8ebc1b4a-8465-4563-9755-c232fd2ef7ac,no unique Spanish preferred candidate,0,0
169883,3a2e7256-ba59-439f-9cc2-3a05a8ada979,no unique Spanish preferred candidate,0,0
169882,18f80bf9-0278-4c90-af2e-937c53a4da07,no unique Spanish preferred candidate,0,0
169881,633daacd-f410-4e20-959a-a8c43cf14fa4,no unique Spanish preferred candidate,0,0
169880,5ac412c6-6f81-489b-ab8b-6e906a60d9c3,no unique Spanish preferred candidate,0,0
169879,d9ed7e21-f55d-4931-801c-9d9081e9fa77,no unique Spanish preferred candidate,0,0
169878,fbe770da-9bc9-4a9c-8152-6b0fa4be80c5,no unique Spanish preferred candidate,0,0
169877,3bf15ad7-8970-444c-baa8-c6e20622f6ca,no unique Spanish preferred candidate,0,0
169876,d468909e-1fcb-44be-b597-8a114a8bc456,no unique Spanish preferred candidate,0,0
169875,ec3bca45-de94-4bc6-bde0-8a8b0a3a813e,no unique Spanish preferred candidate,0,0
169874,4d96bfb0-0fa1-427c-b43d-7c15903a7610,no unique Spanish preferred candidate,0,0
169873,b818b4f6-e665-4f6f-8604-91b4ef72a911,no unique Spanish preferred candidate,0,0
169872,ac5d29e6-74e8-4dbd-8d54-cca3ddcec6f9,no unique Spanish preferred candidate,0,0
169871,63fa078d-3fd0-4995-ba5b-c24c2409fb17,no unique Spanish preferred candidate,0,0
169870,97ec19b0-a873-497d-aa0f-164de3a203bf,no unique Spanish preferred candidate,0,0
169869,76a84944-68ee-4e28-9449-284de666b2d7,no unique Spanish preferred candidate,0,0
169868,c60bf96b-08be-405d-8e63-3df27a3f97b1,no unique Spanish preferred candidate,0,0
169867,c3b691ed-8d24-49e6-ab7b-bbf97d814b01,no unique Spanish preferred candidate,0,0
169866,f9b90859-bdeb-4566-8dfa-feb9d305b101,no unique Spanish preferred candidate,0,0
169865,8e3f98c6-1558-4238-97ee-53cfa3e25cd4,no unique Spanish preferred candidate,0,0
169864,81e63da7-80de-469e-a6cc-6b774ba9aa57,no unique Spanish preferred candidate,0,0
169863,efd0ba17-0ee6-4e9a-ad3f-49dc89623a99,no unique Spanish preferred candidate,0,0
169862,0534aef3-8958-4b8f-aa07-2a0ed08bca87,no unique Spanish preferred candidate,0,0
169861,6bd76a2d-7b65-43cf-861c-7ff608cb897d,no unique Spanish preferred candidate,0,0
169860,82c6114a-13c0-4a94-8ab2-2ae1819f4722,no unique Spanish preferred candidate,0,0
169859,920713d8-9c2b-4105-9e93-15f8cb9c2a19,no unique Spanish preferred candidate,0,0
169858,ac40c5da-1c98-43a7-9bc9-eb117c5f6725,no unique Spanish preferred candidate,0,0
169857,e6b4da8e-4f31-405b-95ca-8a73ee1bf72a,no unique Spanish preferred candidate,0,0
169856,5fb8be60-c216-4d00-bf44-028df71713f2,no unique Spanish preferred candidate,0,0
169855,1a9988c7-b50a-4a3a-ae52-0f17a2c47303,no unique Spanish preferred candidate,0,0
169854,13c9c57c-9268-4c76-8c8a-7105406da7e3,no unique Spanish preferred candidate,0,0
169853,fa10f827-a2ef-41ad-b806-671afd6d9a29,no unique Spanish preferred candidate,0,0
169852,8243b703-01d9-4b57-93e2-3425a5fc72c0,no unique Spanish preferred candidate,0,0
169851,7d05d2dc-1843-4bb4-9863-2dd78ae47ba9,no unique Spanish preferred candidate,0,0
169850,bf0d81b9-ce7b-4b88-8328-97bb27e3da9a,no unique Spanish preferred candidate,0,0
169849,2b5ae1b6-c036-4cea-904f-f6cff68bcb08,no unique Spanish preferred candidate,0,0
169848,5da73040-68d0-422d-8c0d-a2aba20004d4,no unique Spanish preferred candidate,0,0
169847,18a2055a-54a1-4853-bd17-b4b616e0e2f6,no unique Spanish preferred candidate,0,0
169846,c4df3916-2bf5-4381-abc5-3a1a28e4ced1,no unique Spanish preferred candidate,0,0
169845,2595d784-e02f-40e7-8530-335256c2d0de,no unique Spanish preferred candidate,0,0
169844,7b6fc35c-b520-4b25-90db-4491f69fef11,no unique Spanish preferred candidate,0,0
169843,9adad4fd-a62e-485c-acfc-8cb4c3e49684,no unique Spanish preferred candidate,0,0
169842,0672127c-0361-4249-b5a7-25725863fd3c,no unique Spanish preferred candidate,0,0
169841,cf17756f-010a-4913-ab8b-9dc19d19031e,no unique Spanish preferred candidate,0,0
169840,22258d66-54e7-4e01-85a1-db3308e80ef1,no unique Spanish preferred candidate,0,0
169839,38cd830f-e482-455c-a6a3-862c7b4d9399,no unique Spanish preferred candidate,0,0
169838,4dcf91c7-8017-4d3c-86ec-e3fff91330d3,no unique Spanish preferred candidate,0,0
169837,82ace992-3d4b-4b80-90f5-6dac4d960ee4,no unique Spanish preferred candidate,0,0
169836,c51534a6-940e-4100-a596-9a5f84d20ee0,no unique Spanish preferred candidate,0,0
169835,a5d3c139-425a-4c89-b3e4-25d31b2e11be,no unique Spanish preferred candidate,0,0
169834,2b613deb-a99c-4f9f-b64d-cd87f74b3d59,no unique Spanish preferred candidate,0,0
169833,e9a0e690-a61d-4200-9542-9793754d9cba,no unique Spanish preferred candidate,0,0
169832,c8f8286b-b02a-49eb-a646-e923eb7afb68,no unique Spanish preferred candidate,0,0
169831,c04bea25-4cdc-4356-a10e-98bc8d89957e,no unique Spanish preferred candidate,0,0
169830,d71b0576-2b19-4e97-a762-94dd674db072,no unique Spanish preferred candidate,0,0
169829,4e0b36fb-8ed1-4e2a-87cc-9941f337fba7,no unique Spanish preferred candidate,0,0
169828,70370005-fc73-40bb-83f0-bb34e1b1f280,no unique Spanish preferred candidate,0,0
169827,c56e62af-18b6-4020-97d1-111ea3bcc987,no unique Spanish preferred candidate,0,0
169826,8e04aa6b-f5d3-45ac-bb72-26b3957bdff4,no unique Spanish preferred candidate,0,0
169825,c931fe34-9810-4ef4-980f-fb1774a8eb92,no unique Spanish preferred candidate,0,0
169824,d994cd72-25ad-4bae-8320-edee0f6cb8d1,no unique Spanish preferred candidate,0,0
169823,ba0c1292-7b89-4098-bf24-8a7fb38c156d,no unique Spanish preferred candidate,0,0
169822,2b6ec325-4f1a-4eb6-a8bd-d9776bbbe635,no unique Spanish preferred candidate,0,0
169821,88644164-8825-499a-82c1-a94470e0fd76,no unique Spanish preferred candidate,0,0
169820,57cd2662-e336-4883-803d-43b85c3325ab,no unique Spanish preferred candidate,0,0
169819,5f72cba2-4eb6-4fe9-bdbf-18fa6244bf60,no unique Spanish preferred candidate,0,0
169818,17f51603-f5a6-4bcf-bff4-6b260a451d89,no unique Spanish preferred candidate,0,0
169817,59963e43-dc87-469e-b8ac-926b1182b309,no unique Spanish preferred candidate,0,0
169816,e1b0ec76-e2a3-4acb-8190-0859d2658340,no unique Spanish preferred candidate,0,0
169815,09f25894-54e2-401a-b6de-b07801fe0d04,no unique Spanish preferred candidate,0,0
169814,5c46caf2-3062-4a04-bb99-fe1fae98e6db,no unique Spanish preferred candidate,0,0
169813,81a10ea8-fcc2-4159-8b4c-1ebdd1def5cc,no unique Spanish preferred candidate,0,0
169812,8a074aa7-7dde-4063-96d4-7884bc9a94b2,no unique Spanish preferred candidate,0,0
169811,afaafe8c-1454-46aa-a8e3-dd48b21a8877,no unique Spanish preferred candidate,0,0
169810,d0e8f953-6ccd-482d-b246-0e4fcd38205c,no unique Spanish preferred candidate,0,0
169809,fbb5f089-d194-49bd-a8da-e7cdad08fd9c,no unique Spanish preferred candidate,0,0
169808,9e0ee162-f7c9-48ac-bb26-438bbdb4e6a9,no unique Spanish preferred candidate,0,0
169807,5f46a24e-e448-4a0b-a2d5-1cec952e76de,no unique Spanish preferred candidate,0,0
169806,3e96e2bd-9240-4d64-b56c-e184221e2283,no unique Spanish preferred candidate,0,0
169805,d1e5d5ce-f455-4aa5-b6ac-42289ed60d2f,no unique Spanish preferred candidate,0,0
169804,b968337d-8125-4436-a99c-507a3425a22a,no unique Spanish preferred candidate,0,0
169803,768e68c4-df1b-4e8d-8101-3aa3b2c2d04f,no unique Spanish preferred candidate,0,0
169802,25e810bf-32b6-442a-b0c8-f48e0e654604,no unique Spanish preferred candidate,0,0
169801,40211fe1-a85e-40b2-b27e-e80417da633f,no unique Spanish preferred candidate,0,0
169800,e39ac19c-9539-44f3-8d55-402e89b6ca71,no unique Spanish preferred candidate,0,0
169799,e06506ec-503d-43a3-ba6b-ba4ba14e49d3,no unique Spanish preferred candidate,0,0
169798,85c19050-3c13-42fb-93a4-f0a42b2ddadb,no unique Spanish preferred candidate,0,0
169797,e56645e0-5c98-490f-97c5-9f9d046b9597,no unique Spanish preferred candidate,0,0
169796,369c0dca-655d-4ed5-ab26-2ab85362d630,no unique Spanish preferred candidate,0,0
169795,dd6d513c-d404-4174-b4a6-25a2bd4beabe,no unique Spanish preferred candidate,0,0
169794,9eb118d0-607b-416b-b392-4c12b5aa3054,no unique Spanish preferred candidate,0,0
169793,6cc57eb5-32cd-4f56-bffd-1ba244d9d633,no unique Spanish preferred candidate,0,0
169792,787ef842-760a-423b-98dc-c64ba8250942,no unique Spanish preferred candidate,0,0
169791,9a9df6ec-c984-4723-bc72-628623842768,no unique Spanish preferred candidate,0,0
169790,5b961f5c-748d-4e02-a158-23174c024db7,no unique Spanish preferred candidate,0,0
169789,15431726-bbba-4dd8-ad54-5c7484bfc1a9,no unique Spanish preferred candidate,0,0
169788,a63a59ce-cc99-452d-8ddb-11b12b176c1b,no unique Spanish preferred candidate,0,0
169787,546b9913-45b8-4fa8-8bbd-445539503cfc,no unique Spanish preferred candidate,0,0
169786,d4f20b9b-7d2b-4fed-be92-4eb46d71a88e,no unique Spanish preferred candidate,0,0
169785,6eaa35eb-3846-4eb3-83f8-524f1d1eb164,no unique Spanish preferred candidate,0,0
169784,6520954d-3665-4605-af47-df6035769b41,no unique Spanish preferred candidate,0,0
169783,149105f6-3ef3-4102-9a46-542b585976fe,no unique Spanish preferred candidate,0,0
169782,61304dd2-7f0c-4933-9f31-c1a909200a71,no unique Spanish preferred candidate,0,0
169781,67acf134-be8a-49ae-b90b-e8bb4a158494,no unique Spanish preferred candidate,0,0
169780,abbe1e7e-fcba-43a3-b9b5-507f4bf56303,no unique Spanish preferred candidate,0,0
169779,73267f82-ddfe-41b7-97ed-055ac3f43d0b,no unique Spanish preferred candidate,0,0
169778,ccc5c765-c7b2-49c8-aace-ed71268e192a,no unique Spanish preferred candidate,0,0
169777,6ffcdc27-fcb1-4e9a-8991-c902fc889a3e,no unique Spanish preferred candidate,0,0
169776,a072af67-4524-402b-9ed9-ef2ec2645da8,no unique Spanish preferred candidate,0,0
169775,3be18688-2db6-42f3-87a9-09c918ba0998,no unique Spanish preferred candidate,0,0
169774,7bcbb6d9-12f4-44ce-bcdd-bc253d905ea0,no unique Spanish preferred candidate,0,0
169773,7bcccfa9-1133-4e56-ace8-78588af26ecf,no unique Spanish preferred candidate,0,0
169772,e892d814-9466-4ace-af88-e16c014aae44,no unique Spanish preferred candidate,0,0
169771,6d56d011-2744-47ab-9b53-c363de17a8f5,no unique Spanish preferred candidate,0,0
169770,f99e13c3-e1d6-4514-a44f-be52b994e745,no unique Spanish preferred candidate,0,0
169769,eb9e8eb8-d38c-4e4a-b99a-4cc0eb153065,no unique Spanish preferred candidate,0,0
169768,7c326271-38c3-4948-afb3-0bdee5e30076,no unique Spanish preferred candidate,0,0
169767,303e297f-7040-414c-9551-6ffb34d57dd4,no unique Spanish preferred candidate,0,0
169766,593db717-b731-4482-9955-4d0a0626f0f8,no unique Spanish preferred candidate,0,0
169765,55324c11-6058-43b4-9ee0-b225ae0442db,no unique Spanish preferred candidate,0,0
169764,59a26432-19c5-4299-b617-e4bbf42ce8ac,no unique Spanish preferred candidate,0,0
169763,27060aaa-5370-4dda-bf81-156b28fd366e,no unique Spanish preferred candidate,0,0
169762,e563fbb0-be3c-46bd-aa9d-612ecb223a59,no unique Spanish preferred candidate,0,0
169761,f88dd7a3-956e-4ba6-b97a-8e3ff7c49a0e,no unique Spanish preferred candidate,0,0
169760,ca034ca3-6255-4532-99ef-d96a1fb35c03,no unique Spanish preferred candidate,0,0
169759,f99e6fc6-eb49-48a2-b5c6-788f66d4b995,no unique Spanish preferred candidate,0,0
169758,50d5fe9a-e025-4cdc-be4b-2d083f9fbbdd,no unique Spanish preferred candidate,0,0
169757,95a39b13-50a9-4a72-ace9-0b43072390d9,no unique Spanish preferred candidate,0,0
169756,edcad6ce-d59b-4622-9b7e-902dd9d5e0b5,no unique Spanish preferred candidate,0,0
169755,29042756-eac6-4d65-bf91-34d5a8a60f3c,no unique Spanish preferred candidate,0,0
169754,60e18841-8438-47e6-ab01-d16f56f4863c,no unique Spanish preferred candidate,0,0
169753,a8ce74a0-75e8-4b02-a1a2-d215e39a6093,no unique Spanish preferred candidate,0,0
169752,dbd49b84-9e51-4555-923d-44ee61367c47,no unique Spanish preferred candidate,0,0
169751,4879458d-710e-4ffd-92cc-d0d89da12e98,no unique Spanish preferred candidate,0,0
169750,c2d42207-f284-4cd1-b463-0ac041c24abd,no unique Spanish preferred candidate,0,0
169749,6f89d5b5-789e-4be7-aba1-f8ec216560d1,no unique Spanish preferred candidate,0,0
169748,92cc28be-794b-4203-9492-1f8594a8a8c1,no unique Spanish preferred candidate,0,0
169747,2b6747c1-619b-4981-a75b-e8366b8524bc,no unique Spanish preferred candidate,0,0
169746,f8e5a3b3-6b81-417f-affe-a7084aa1e2ef,no unique Spanish preferred candidate,0,0
169745,8e449a58-1fb2-45c4-aee0-d7b232b35600,no unique Spanish preferred candidate,0,0
169744,94b3f877-020f-4412-b94b-ae83eee879cf,no unique Spanish preferred candidate,0,0
169743,8c11af49-4ff0-4400-9a07-7b3425e61971,no unique Spanish preferred candidate,0,0
169742,0f3007bb-0aa9-4bf6-9836-54d0a28dfd05,no unique Spanish preferred candidate,0,0
169741,a2745167-68d6-48f1-99b7-8563a55e5ebf,no unique Spanish preferred candidate,0,0
169740,0f232b8a-bd8a-40e4-b427-bf0db5fe5bae,no unique Spanish preferred candidate,0,0
169739,664c7b41-4049-46f7-8fd7-ffb903408d0b,no unique Spanish preferred candidate,0,0
169738,a22a59d9-be4e-40f8-ada6-70eb8a584d0b,no unique Spanish preferred candidate,0,0
169737,4a5330e3-6704-4cbb-8f43-1aaeca435095,no unique Spanish preferred candidate,0,0
169736,e9befbc8-8f26-4cab-adf3-5c717ff2a6f1,no unique Spanish preferred candidate,0,0
169735,59e63aad-add0-4d83-9d69-cd43a47a6fdf,no unique Spanish preferred candidate,0,0
169734,ae9c4301-58a1-4665-a1c2-6752f51de767,no unique Spanish preferred candidate,0,0
169733,1834c7cd-bcdc-4007-b69d-c11f6df86513,no unique Spanish preferred candidate,0,0
169732,5ff2b38b-0d7b-465c-8c51-cfdaba9bd137,no unique Spanish preferred candidate,0,0
169731,af73944a-fea6-40c4-a54e-f8d36b6f7684,no unique Spanish preferred candidate,0,0
169730,447f6e2d-01df-4c45-8254-e18365edc8f8,no unique Spanish preferred candidate,0,0
169729,dcdc779c-0cf8-4257-b50d-c3a2a63966dc,no unique Spanish preferred candidate,0,0
169728,62273acc-6b5c-43e5-96e3-ddeb06ca7b78,no unique Spanish preferred candidate,0,0
169727,ad92446c-fcc5-4721-b1a0-bc66f2a58b66,no unique Spanish preferred candidate,0,0
169726,87f71733-1e02-436f-bc65-3fa3cfdf593d,no unique Spanish preferred candidate,0,0
169725,76ac6cdd-989f-4159-90fe-943948e08c09,no unique Spanish preferred candidate,0,0
169724,22115f35-e723-462e-b3da-ec1de8c43225,no unique Spanish preferred candidate,0,0
169723,9612264e-0254-444a-bbcc-25a826baae6c,no unique Spanish preferred candidate,0,0
169722,32310c07-975b-42b7-bee6-e4eee00fc35c,no unique Spanish preferred candidate,0,0
169721,c620a054-4011-45c3-ac2d-a7a2ef09dc44,no unique Spanish preferred candidate,0,0
169720,452bedca-cbeb-4573-b515-7002816149ec,no unique Spanish preferred candidate,0,0
169719,09be2785-5409-406e-b46c-87ba96b92f2a,no unique Spanish preferred candidate,0,0
169718,3e71247a-73e2-4cd3-9b7c-e5a672ab06b0,no unique Spanish preferred candidate,0,0
169717,74b91e16-85ab-48b0-9ae4-bfb95b82ea07,no unique Spanish preferred candidate,0,0
169716,9f8f7e94-624e-485a-9bd5-bb19b92c7b4a,no unique Spanish preferred candidate,0,0
169715,8b775d56-7238-479b-9c4d-bbe0c637581f,no unique Spanish preferred candidate,0,0
169714,0239b6d3-1e98-4f2a-af79-07577212280c,no unique Spanish preferred candidate,0,0
169713,3863bd5a-c88f-4786-8175-0959b95b44f5,no unique Spanish preferred candidate,0,0
169712,c3a8e58c-2bc6-467b-b5fc-d505fdb07499,no unique Spanish preferred candidate,0,0
169711,e0c4ab2b-a17f-4807-b71f-8116398d4a3a,no unique Spanish preferred candidate,0,0
169710,db6d54dd-3033-43a5-bc18-91eed6e7fe19,no unique Spanish preferred candidate,0,0
169709,5f9449c9-c18f-47e4-832e-752dd28ca1d5,no unique Spanish preferred candidate,0,0
169708,19c19ca5-54e8-4959-af72-d73eac46d8cf,no unique Spanish preferred candidate,0,0
169707,b3fd69e6-d83f-40c0-9ad9-97bc70323b40,no unique Spanish preferred candidate,0,0
169706,7417ec90-5477-4564-b465-deededb002d2,no unique Spanish preferred candidate,0,0
169705,2b3abb7a-5d4e-4596-b0da-3f8926fe5973,no unique Spanish preferred candidate,0,0
169704,eb4c7046-869e-49b7-bd85-b7abd9423452,no unique Spanish preferred candidate,0,0
169703,60679042-c162-447c-82d3-00fcf1d790ac,no unique Spanish preferred candidate,0,0
169702,e9e3d117-23d5-457b-b9e1-97b92085e854,no unique Spanish preferred candidate,0,0
169701,d4d2fe73-c67d-4027-9c15-a8c3fb78e4ec,no unique Spanish preferred candidate,0,0
169700,0db117c5-47d0-463f-bf81-943221d610c9,no unique Spanish preferred candidate,0,0
169699,e9eec597-92b6-4857-9345-ad3f0d15872e,no unique Spanish preferred candidate,0,0
169698,bc3a1a8f-2d39-4f42-9c02-12aa845a613c,no unique Spanish preferred candidate,0,0
169697,505f2962-c251-49e0-985b-3f6f299452a4,no unique Spanish preferred candidate,0,0
169696,6e46a6ff-34e2-4a94-b041-260515554223,no unique Spanish preferred candidate,0,0
169695,6bf44bb8-86a6-4ea0-bc6c-29e38a57ff96,no unique Spanish preferred candidate,0,0
169694,2cfc4386-a9e8-4cce-be9f-2e381285ae7a,no unique Spanish preferred candidate,0,0
169693,4dd963dd-3dbe-49a3-8201-eb687aabe0ef,no unique Spanish preferred candidate,0,0
169692,e07c5a12-5a25-4971-8e99-33bb922c6b23,no unique Spanish preferred candidate,0,0
169691,a2cda197-adcc-4fc6-8733-bed467ea64f3,no unique Spanish preferred candidate,0,0
169690,871ad2c4-f224-4586-aff6-bb50339417d1,no unique Spanish preferred candidate,0,0
169689,ba5bff17-821b-4060-969b-64a4be282cd8,no unique Spanish preferred candidate,0,0
169688,2f872ed0-33d2-4ead-887e-bee42f0fae7a,no unique Spanish preferred candidate,0,0
169687,6e55d4c4-e689-4745-97e5-83d8a93e0883,no unique Spanish preferred candidate,0,0
169686,3bbd1269-0540-4873-a9e6-97c6df0d70a5,no unique Spanish preferred candidate,0,0
169685,80c09c33-12b4-4db1-94a4-4dacb5c24fb5,no unique Spanish preferred candidate,0,0
169684,66850948-6942-402e-a31c-ac2c5e2f357b,no unique Spanish preferred candidate,0,0
169683,51ccdf18-00c2-4171-978f-fdc65049bb10,no unique Spanish preferred candidate,0,0
169682,94a2f7bc-6adf-4751-85ab-7c27891f7946,no unique Spanish preferred candidate,0,0
169681,6ca25fd6-29dd-4654-99b6-99213d9bae61,no unique Spanish preferred candidate,0,0
169680,371c4b80-c4b1-46f8-bf14-a15cbab6a527,no unique Spanish preferred candidate,0,0
169679,5cf26023-c114-4a74-8d5f-2a9bf71e731b,no unique Spanish preferred candidate,0,0
169678,c0438f9b-4677-4b5c-b4fa-f51f84eae131,no unique Spanish preferred candidate,0,0
169677,24b5fb39-72cc-4a33-8c2a-6df2b6a990e5,no unique Spanish preferred candidate,0,0
169676,477ae61e-59f7-47be-991a-e9b9224b48ce,no unique Spanish preferred candidate,0,0
169675,3ed431a9-088f-4858-b7f2-4af3296b81a3,no unique Spanish preferred candidate,0,0
169674,ba8bb11f-3f38-4f2b-bcc5-304519e61fc9,no unique Spanish preferred candidate,0,0
169673,fa32c3fc-535d-47ff-9373-0db22859dc48,no unique Spanish preferred candidate,0,0
169672,2c07c1b5-54e7-4be5-a876-e2381126bb17,no unique Spanish preferred candidate,0,0
169671,a4349673-959e-4bd0-a3c4-acdc78c2b1a4,no unique Spanish preferred candidate,0,0
169670,3e728f7d-d71f-4fae-a0cd-ba033753c633,no unique Spanish preferred candidate,0,0
169669,e0c55ac5-f2fb-4340-8d15-fe3b9e98f2e0,no unique Spanish preferred candidate,0,0
169668,6e49efcd-7ad1-4a48-a6cb-78c8aa42b6da,no unique Spanish preferred candidate,0,0
169667,1446496f-6991-49ec-a1ed-fa62c07f2679,no unique Spanish preferred candidate,0,0
169666,f1c83a76-5406-4ebc-8718-45b7e6f1b7ae,no unique Spanish preferred candidate,0,0
169665,8f7332e9-7a12-4249-85ab-f753b83670a7,no unique Spanish preferred candidate,0,0
169664,0dc8845d-92a9-47b1-a27b-da61ce913169,no unique Spanish preferred candidate,0,0
169663,f326d9d3-a020-4b5b-a9e6-69ebef3b9366,no unique Spanish preferred candidate,0,0
169662,0f7a1175-091e-45c7-ab15-ffcaa3f0128a,no unique Spanish preferred candidate,0,0
169661,2d48c285-8f6d-400b-9486-08ce669a0ada,no unique Spanish preferred candidate,0,0
169660,0ec03536-420d-47c0-bf34-8c720334b03c,no unique Spanish preferred candidate,0,0
169659,10b5887e-f2ae-41ea-b69d-b02312bf7928,no unique Spanish preferred candidate,0,0
169658,3955e791-8a40-4016-a67a-36695d02f323,no unique Spanish preferred candidate,0,0
169657,fed20e0e-3fe4-4ee4-ba98-09348c8b8828,no unique Spanish preferred candidate,0,0
169656,d440edc8-3e9b-4cf2-b956-99a9a1ff8f4b,no unique Spanish preferred candidate,0,0
169655,41ab25bc-e463-4d9e-a51f-7c51d059120d,no unique Spanish preferred candidate,0,0
169654,fef1394a-d8c5-4d95-8e28-08dec23a0d95,no unique Spanish preferred candidate,0,0
169653,8f2e5001-75c1-4671-a3d6-fc54ba46433f,no unique Spanish preferred candidate,0,0
169652,0643e608-7ac8-4120-8f66-00773c7c2265,no unique Spanish preferred candidate,0,0
169651,86d8d6c2-c12d-40f4-af56-41f46299b74e,no unique Spanish preferred candidate,0,0
169650,e3ce4d0e-0cc4-4bb3-a96b-c538923b2c7e,no unique Spanish preferred candidate,0,0
169649,e3db7b24-13ae-4261-a59b-239973770551,no unique Spanish preferred candidate,0,0
169648,2a95f4e0-e9e8-4942-840f-b1189ecb6723,no unique Spanish preferred candidate,0,0
169647,3f9a0919-8d2c-4163-b2d3-55e0201a899e,no unique Spanish preferred candidate,0,0
169646,ed24da58-2f2d-47bf-887d-8b525748e3f5,no unique Spanish preferred candidate,0,0
169645,deece5ec-9b4f-4c9a-88a2-69115f7a7309,no unique Spanish preferred candidate,0,0
169644,d7386058-5dd2-49be-b5d8-ad2330d3610b,no unique Spanish preferred candidate,0,0
169643,e157d4cd-4dfe-490d-bac8-a8d6c38eb073,no unique Spanish preferred candidate,0,0
169642,d39eb60b-32e9-44b7-8560-0a7b65b92b78,no unique Spanish preferred candidate,0,0
169641,4dc930e9-6368-4b0c-83eb-1e7046fde811,no unique Spanish preferred candidate,0,0
169640,5ed90db6-9049-4eec-885c-2bad28033317,no unique Spanish preferred candidate,0,0
169639,ee491d90-bbb1-4ec9-8855-1d116fab3d16,no unique Spanish preferred candidate,0,0
169638,b6af9c5b-c5f7-4929-8974-111dab0d787d,no unique Spanish preferred candidate,0,0
169637,699aa93f-d615-4a52-a1fc-a6c71095aea7,no unique Spanish preferred candidate,0,0
169636,a64636ce-278f-4362-b483-886c6fbe88ab,no unique Spanish preferred candidate,0,0
169635,e1786b0e-6469-4c5b-831c-f1abbcb453c3,no unique Spanish preferred candidate,0,0
169634,da3c1285-c339-4be1-8aff-9d699d05d0f9,no unique Spanish preferred candidate,0,0
169633,d3f04968-3026-4b94-90ed-f6add7872f6d,no unique Spanish preferred candidate,0,0
169632,32fc43f7-fc74-45da-a60a-2967894517a3,no unique Spanish preferred candidate,0,0
169631,21bc72c0-f302-4761-9d95-8e08f92803ca,no unique Spanish preferred candidate,0,0
169630,f841c1dd-8927-4ee7-b33e-40ec9f71564a,no unique Spanish preferred candidate,0,0
169629,7dd63bc5-b2bc-4a1a-9c7d-b133d8bf8d94,no unique Spanish preferred candidate,0,0
169628,59203746-d060-4864-af19-2d05c113f9d4,no unique Spanish preferred candidate,0,0
169627,937a0440-95f7-42f6-aaef-16cf611fcf10,no unique Spanish preferred candidate,0,0
169626,b7da4d53-0088-4dcf-af08-32f2800c42b7,no unique Spanish preferred candidate,0,0
169625,4ceca240-674b-4a34-a4dd-03d1ab32516d,no unique Spanish preferred candidate,0,0
169624,3afad8ea-cb58-4783-8d64-5eb72a413249,no unique Spanish preferred candidate,0,0
169623,aeaeee2a-2c97-464f-905a-27f34d727536,no unique Spanish preferred candidate,0,0
169622,8cb17cf0-0c9f-4192-8a05-aedc49cde87a,no unique Spanish preferred candidate,0,0
169621,43982951-62a0-45ba-934b-17e91001ae4e,no unique Spanish preferred candidate,0,0
169620,38c84a2d-2143-47ad-85ec-31d7b343468b,no unique Spanish preferred candidate,0,0
169619,c9c12cc0-fc1c-4b1c-9d16-92ec8593b17a,no unique Spanish preferred candidate,0,0
169618,02a8809e-ec49-4df6-b574-4c5b241a2353,no unique Spanish preferred candidate,0,0
169617,3e86ecfb-69ba-4324-9940-c1dccb3473d4,no unique Spanish preferred candidate,0,0
169616,741e5719-9978-4594-b29b-34e76ce7cae4,no unique Spanish preferred candidate,0,0
169615,ca248687-b0fa-4028-ad24-75e447602574,no unique Spanish preferred candidate,0,0
169614,f8a279ba-377d-48a5-b04b-190f5044656b,no unique Spanish preferred candidate,0,0
169613,920236fe-a1bf-43af-a5bc-c99d34a721d7,no unique Spanish preferred candidate,0,0
169612,8d9d26b2-7e53-4fdf-8ec8-f74d7f11c391,no unique Spanish preferred candidate,0,0
169611,12f9c81b-7d44-477d-bc3d-a777f8b24a3d,no unique Spanish preferred candidate,0,0
169610,27ee895a-8283-403d-8ae4-4462bd1212ce,no unique Spanish preferred candidate,0,0
169609,32256e9f-cbdd-45c7-bbba-a748cb7db943,no unique Spanish preferred candidate,0,0
169608,7cf40962-c052-46b5-b7aa-9d927218c40b,no unique Spanish preferred candidate,0,0
169607,5ff9caac-fa73-4bff-b518-81040837d089,no unique Spanish preferred candidate,0,0
169606,3019a8b5-4e3b-454e-bd92-1cd3034d698b,no unique Spanish preferred candidate,0,0
169605,63abdbb1-593a-4567-9e06-2d03c8b6cd4f,no unique Spanish preferred candidate,0,0
169604,39d2ecb2-e095-4873-bee2-8c457d171ebb,no unique Spanish preferred candidate,0,0
169603,79e29e72-3897-4129-ae83-4f53299e48ec,no unique Spanish preferred candidate,0,0
169602,83eed7d3-4c3e-4983-bb26-168cbba149cc,no unique Spanish preferred candidate,0,0
169601,32a7bb17-5555-4a7b-ab7c-a50254e188a5,no unique Spanish preferred candidate,0,0
169600,2a75883a-a497-41a4-a9b4-b0e67e90e9bb,no unique Spanish preferred candidate,0,0
169599,19c6777e-0f93-4eb4-a4e4-9c221a66d19e,no unique Spanish preferred candidate,0,0
169598,a574a338-e088-4373-a746-a2c6caa3cf46,no unique Spanish preferred candidate,0,0
169597,615820c3-69a0-47c4-8b82-328a55050248,no unique Spanish preferred candidate,0,0
169596,fb302f23-00cd-44a4-915e-f6b487bc3a78,no unique Spanish preferred candidate,0,0
169595,a41fc110-ada2-4225-983d-5cdfd88f9c6c,no unique Spanish preferred candidate,0,0
169594,5c1f1058-6266-4c61-8523-ba822cb37bbd,no unique Spanish preferred candidate,0,0
169593,22011dc1-634a-4f5c-a8e3-38909e3c98fe,no unique Spanish preferred candidate,0,0
169592,b8fb654a-0b6e-4fdb-a6a3-b54836c39af5,no unique Spanish preferred candidate,0,0
169591,550d3de0-dd28-4022-93fe-f7176d594d7f,no unique Spanish preferred candidate,0,0
169590,39f9e1b8-dae9-467e-83b5-c5cb54456a1a,no unique Spanish preferred candidate,0,0
169589,6fb55cff-1e53-48ad-9c0e-aa5feb883155,no unique Spanish preferred candidate,0,0
169588,0e00e15f-abc8-4e49-8470-6dc999218242,no unique Spanish preferred candidate,0,0
169586,fdae7020-52c3-4176-81e2-41b2cf055402,no unique Spanish preferred candidate,0,0
169585,bca8b16c-2a4a-4ef6-bf1a-eabb1fcbb700,no unique Spanish preferred candidate,0,0
169584,00a92fbd-df09-4272-92ee-9b4dd4aca118,no unique Spanish preferred candidate,0,0
169583,786a9541-40d1-45d9-99cb-0adbe8392dd7,no unique Spanish preferred candidate,0,0
169582,25337bde-86b6-4c1a-ac03-cc3e85f08b9e,no unique Spanish preferred candidate,0,0
169581,3b2b3279-8f3e-4c6d-bd5d-5865886b8f9d,no unique Spanish preferred candidate,0,0
169580,9f4f9709-50ef-48f1-8aa4-0365037047f2,no unique Spanish preferred candidate,0,0
169579,6385ce59-f720-4a63-aea5-d2de489d3697,no unique Spanish preferred candidate,0,0
169578,f2e5ce99-6ec5-4ffd-a667-8d9558d9a643,no unique Spanish preferred candidate,0,0
169577,ce62fb62-6a6b-40eb-9fc5-95fe99424364,no unique Spanish preferred candidate,0,0
169576,a47f924f-1d0d-4983-89b8-ef883ad189c0,no unique Spanish preferred candidate,0,0
169575,8a38c37e-dce9-49f5-9ed2-5529bac6bbda,no unique Spanish preferred candidate,0,0
169574,149d2f16-e37f-4b88-9912-e2734123fb94,no unique Spanish preferred candidate,0,0
169573,2a2c7b1f-bb9d-48a4-bff6-52ceb74a0973,no unique Spanish preferred candidate,0,0
169572,611cc4e4-30a1-458b-a96c-adacf46ecb6f,no unique Spanish preferred candidate,0,0
169571,c5b933e1-400f-43b4-bb44-a86962457b31,no unique Spanish preferred candidate,0,0
169570,492babc6-9668-4ffc-83d1-d0fe83039b66,no unique Spanish preferred candidate,0,0
169569,9028734d-2b97-435a-959d-743d6216c44c,no unique Spanish preferred candidate,0,0
169568,6c006176-30ff-49c8-b1c8-56f80ccac21d,no unique Spanish preferred candidate,0,0
169567,52927faa-cf10-4d73-a34e-934b1c0a7731,no unique Spanish preferred candidate,0,0
169566,220a55d3-8651-4591-9bfc-6bbe6770d5ab,no unique Spanish preferred candidate,0,0
169565,4c2c6fe0-6d49-437f-8136-c9ca28c85bd3,no unique Spanish preferred candidate,0,0
169564,995f0e38-350b-43a5-9565-0da2eac199f1,no unique Spanish preferred candidate,0,0
169563,852508c6-2775-4fc4-82b9-5992ab5a7818,no unique Spanish preferred candidate,0,0
169562,a51176b8-c49d-4085-978f-3fcb692b440c,no unique Spanish preferred candidate,0,0
169561,b90b94e5-55c9-4ca6-82f4-77f13897fee1,no unique Spanish preferred candidate,0,0
169560,ecc87220-1dfe-44e8-b9cf-dc864e2767cc,no unique Spanish preferred candidate,0,0
169559,69f49316-a68d-46b2-8c66-70e45b0298a5,no unique Spanish preferred candidate,0,0
169558,6cd391c7-31cc-45cb-9664-ca2beff7c08c,no unique Spanish preferred candidate,0,0
169557,5b63c11a-0858-4341-9a57-aab955abe9ec,no unique Spanish preferred candidate,0,0
169556,a641d362-2a19-429b-bab2-2a8ceb4ac0e3,no unique Spanish preferred candidate,0,0
169555,c1b4b0f6-ee85-476b-a6ee-17e86a78c2d2,no unique Spanish preferred candidate,0,0
169554,463d3a6d-dece-4d10-84a3-9b54ebbfd3f9,no unique Spanish preferred candidate,0,0
169553,8b91547a-2638-4bb4-8bbe-508f4a435f52,no unique Spanish preferred candidate,0,0
169552,5385bb67-ae84-4650-a9b9-d5475ca3968c,no unique Spanish preferred candidate,0,0
169551,53c36382-ae6d-48d1-ad6e-5c128f33ee36,no unique Spanish preferred candidate,0,0
169550,2d3f38f1-6abd-47c0-bb1b-1847c17848ad,no unique Spanish preferred candidate,0,0
169549,7bd24ca7-934d-4519-b26a-cc9cfe02f138,no unique Spanish preferred candidate,0,0
169548,f8a29325-7c33-4909-a67d-d892b9b96e6d,no unique Spanish preferred candidate,0,0
169547,0addbfd7-639c-4dc7-9b44-966fe0fb400a,no unique Spanish preferred candidate,0,0
169546,c240b3f9-ab22-4b26-a3fc-8f16bab5be98,no unique Spanish preferred candidate,0,0
169545,d594d69d-9651-4d22-a980-27b64f9de7ff,no unique Spanish preferred candidate,0,0
169544,e0ce8c91-a31f-44bb-9545-c32217181e8f,no unique Spanish preferred candidate,0,0
169543,daa4f7fa-03fd-4e28-b194-44214b8d2e83,no unique Spanish preferred candidate,0,0
169542,7eff4d6b-d58f-499b-bbec-9a73849b5e41,no unique Spanish preferred candidate,0,0
169541,072a2fe4-a413-4f01-a19d-489b08b28061,no unique Spanish preferred candidate,0,0
169540,de7b6849-d706-4373-878c-6f2611a82637,no unique Spanish preferred candidate,0,0
169539,889ee702-9c4f-4706-b3e9-2c6b3157ed93,no unique Spanish preferred candidate,0,0
169538,6cfd2d30-9d30-4d50-a650-55ee0cde2ec0,no unique Spanish preferred candidate,0,0
169537,a96b4bbf-acef-4d60-a7c2-e82c94509f99,no unique Spanish preferred candidate,0,0
169536,1aa25f78-239e-43ae-8c96-22cebdac5d25,no unique Spanish preferred candidate,0,0
169535,66897faf-fc2b-4b84-9459-c446fee69965,no unique Spanish preferred candidate,0,0
169534,17f1d11d-f6fe-45d7-b659-b3ad540e03b0,no unique Spanish preferred candidate,0,0
169533,d240efdf-3ef6-43c3-921e-6b81497b5ba1,no unique Spanish preferred candidate,0,0
169532,a8044d5f-83a4-4c2f-abe7-bcedec30cca5,no unique Spanish preferred candidate,0,0
169531,be8ee3dd-cd51-4e88-8764-d4cde79cfcc4,no unique Spanish preferred candidate,0,0
169530,2095e936-d504-4b80-abdb-aac778ea714d,no unique Spanish preferred candidate,0,0
169529,0791f713-1b14-4ed2-885a-f3c5fe7827d6,no unique Spanish preferred candidate,0,0
169528,3ffe002c-ece2-4034-a374-a06e3cac2c8f,no unique Spanish preferred candidate,0,0
169527,aad8e12e-5a8a-449f-b14c-c248ac987320,no unique Spanish preferred candidate,0,0
169526,9e41e4f7-6c74-4349-86c3-1c94f6bf4ec7,no unique Spanish preferred candidate,0,0
169525,64855748-c629-49e7-92c5-db888aaf179e,no unique Spanish preferred candidate,0,0
169524,6c8545c1-2ee2-474a-8bda-bdf5aac60cfb,no unique Spanish preferred candidate,0,0
169523,0e9694c0-2029-4325-8d3d-b4ec1666efb7,no unique Spanish preferred candidate,0,0
169522,045df8f0-c3d4-4023-813e-a6e40d547d28,no unique Spanish preferred candidate,0,0
169521,2f7bd12b-754f-4355-8d82-0c0ccfd34592,no unique Spanish preferred candidate,0,0
136411,136411AAAAAAAAAAAAAAAAAAAAAAAAAAAAAA,no unique Spanish preferred candidate,0,1
169520,5ba689b6-0293-4518-b3ad-56002b46010c,no unique Spanish preferred candidate,0,0
169519,c66ea437-8e22-4e10-8cb3-a5f99d41fd01,no unique Spanish preferred candidate,0,0
169518,58ced991-ce6a-42b0-8ca4-bcbf49c4979a,no unique Spanish preferred candidate,0,0
169517,6ef5d700-015c-4fde-9d43-45d993c2e941,no unique Spanish preferred candidate,0,0
169516,214d20b5-58f7-4f17-affc-105ff471e5f7,no unique Spanish preferred candidate,0,0
169515,7b6a81fd-336e-4c1f-8d90-4d3bed099cfc,no unique Spanish preferred candidate,0,0
169514,ad34cb47-ee9a-4453-943a-8e7318dbaf97,no unique Spanish preferred candidate,0,0
169513,280dc92f-36e1-4ce7-80cc-bd16339382a1,no unique Spanish preferred candidate,0,0
169512,c4efde86-edbf-4714-80fc-ad1ea2eb8a57,no unique Spanish preferred candidate,0,0
169511,e93ccb9c-6dec-4382-abb2-1e8f9303e01d,no unique Spanish preferred candidate,0,0
169510,34f8a0fe-c2d9-4677-829c-98522591b254,no unique Spanish preferred candidate,0,0
169509,a9b9445b-b81f-4a05-9de9-4beaa0cfa9e3,no unique Spanish preferred candidate,0,0
169508,00a1a3db-94fc-4105-869a-c97b652fcd1d,no unique Spanish preferred candidate,0,0
169507,16f8afc2-2c9e-4e7c-bbea-46dfa7024bb4,no unique Spanish preferred candidate,0,0
169506,6c4d2447-3c8d-4621-b76c-8ff7d74b3de1,no unique Spanish preferred candidate,0,0
169505,4c78da7b-4ca1-4db1-b994-e34100a9add6,no unique Spanish preferred candidate,0,0
169504,57728f38-4971-40be-a996-75f6d6ba1b87,no unique Spanish preferred candidate,0,0
169503,46eafdf0-442e-4286-9072-30992c9487a4,no unique Spanish preferred candidate,0,0
169502,8362ef32-820f-44ec-97f6-5657630af6c7,no unique Spanish preferred candidate,0,0
169501,913fae7d-f19a-4baf-b75c-592dd2d29c67,no unique Spanish preferred candidate,0,0
169500,df38a3e6-9c2c-4f08-8515-32ee65798447,no unique Spanish preferred candidate,0,0
169499,7a53ccad-5fd7-4870-8289-24e1e5d48f63,no unique Spanish preferred candidate,0,0
169498,9e35ba10-728c-42cb-a7b3-a116c293e09c,no unique Spanish preferred candidate,0,0
169497,842643d0-70d7-4f6f-9f80-bbd944691dd7,no unique Spanish preferred candidate,0,0
169496,1194b48d-6120-4324-b08a-c94a2aacab4e,no unique Spanish preferred candidate,0,0
169495,99e261a9-2214-4eb4-b7e9-93cac0ba70aa,no unique Spanish preferred candidate,0,0
169494,7b505647-d7ac-4555-9d87-9fe756ac4c0a,no unique Spanish preferred candidate,0,0
169493,f99820ae-6362-425c-915c-1703e887e437,no unique Spanish preferred candidate,0,0
169492,6427b59b-2443-48a0-b4e8-20d64160f97d,no unique Spanish preferred candidate,0,0
169491,77f736da-f07f-4eb1-93f9-3fdeceb122d8,no unique Spanish preferred candidate,0,0
169490,e681f7ac-dd7e-4598-b0f9-f1615982ac0b,no unique Spanish preferred candidate,0,0
169489,8ebd1507-27e0-4121-8586-0810230f035d,no unique Spanish preferred candidate,0,0
169488,645d4670-c3b6-4179-94e2-4e9451930f9a,no unique Spanish preferred candidate,0,0
169487,1eeb0bb7-78ad-456a-b395-80766eb59050,no unique Spanish preferred candidate,0,0
169486,370e04c2-2829-4d04-84a3-9f8f01ce1c5e,no unique Spanish preferred candidate,0,0
169485,6a5915dd-40ed-4d1d-8b6d-0367ce5f2454,no unique Spanish preferred candidate,0,0
169484,93544fbd-2a63-4f50-86f6-4e0676104fc1,no unique Spanish preferred candidate,0,0
169483,b9dde6e1-1825-4463-8391-491e7ed2cbeb,no unique Spanish preferred candidate,0,0
169482,cf5c31c0-6a13-4f35-b034-71263dfb1227,no unique Spanish preferred candidate,0,0
169481,bf362117-0efb-43ad-b2d4-3813f6e45a18,no unique Spanish preferred candidate,0,0
169480,adfd75cd-9f35-4218-aca6-7bee6c497e90,no unique Spanish preferred candidate,0,0
169479,aaa4dd1b-a3c4-4aa1-b053-bf8918e652a5,no unique Spanish preferred candidate,0,0
136369,136369AAAAAAAAAAAAAAAAAAAAAAAAAAAAAA,no unique Spanish preferred candidate,0,1
169478,c127f4ad-a5fc-4579-9840-9dc1c7af214d,no unique Spanish preferred candidate,0,0
169477,5a562b9a-82dc-49a5-b786-7c57157f1fc0,no unique Spanish preferred candidate,0,0
169476,ee3622d9-8d36-4ab0-9a5b-d6680cff051e,no unique Spanish preferred candidate,0,0
169475,fb44445b-5638-4ad5-996b-b79fc2f90756,no unique Spanish preferred candidate,0,0
169474,7c935e97-8de5-4b86-b7e7-56638fac5efe,no unique Spanish preferred candidate,0,0
169473,57afab9a-7361-4ed2-aaf0-1ff9fd9a2df3,no unique Spanish preferred candidate,0,0
169472,b45b266b-570f-46c0-a083-e5ef51037bc6,no unique Spanish preferred candidate,0,0
169471,aa686e79-89aa-4ded-a030-1add5adddfad,no unique Spanish preferred candidate,0,0
169470,6a9b43e9-ad67-4f16-afbd-4b723d3908be,no unique Spanish preferred candidate,0,0
169469,58a29119-98e7-4aa6-b3bf-dbe42412b799,no unique Spanish preferred candidate,0,0
169468,7dbb2adc-0eb1-4e79-a1e6-daea2f1745a2,no unique Spanish preferred candidate,0,0
169467,6433071f-c571-4dcf-be21-3884ce256c47,no unique Spanish preferred candidate,0,0
169466,9c4c7722-ba3e-4bdf-ab97-c04170100037,no unique Spanish preferred candidate,0,0
169465,5d617329-2aa7-413a-abc4-e231bab65a6e,no unique Spanish preferred candidate,0,0
169464,98d4a635-4a5b-48b6-a95d-670dbf49168b,no unique Spanish preferred candidate,0,0
169463,cf098921-23a0-4e48-a4c2-f5819e4e3eff,no unique Spanish preferred candidate,0,0
169462,75b42bbc-cbb8-4e9a-a6a6-b328d42db74a,no unique Spanish preferred candidate,0,0
169461,0c512334-9e40-4d74-b11d-2c2780f04a01,no unique Spanish preferred candidate,0,0
169460,322780a3-aae9-44d3-abe6-3a3b95bdb1f1,no unique Spanish preferred candidate,0,0
169459,5d956607-a93b-470a-86d8-7b1d66980f99,no unique Spanish preferred candidate,0,0
169458,5475aa41-d3b5-44e4-a0ef-5591e3e951c7,no unique Spanish preferred candidate,0,0
169457,7aa904ee-b52f-4930-acf9-40fa25a4d050,no unique Spanish preferred candidate,0,0
169456,0a7d7e3d-cbc4-4052-9b86-6355856da160,no unique Spanish preferred candidate,0,0
169455,3789a494-efdf-4c0c-a8f3-cd48bb6531c0,no unique Spanish preferred candidate,0,0
169454,77dfbd62-3d19-47de-bcf9-0d768c01a3f4,no unique Spanish preferred candidate,0,0
169453,3b62806a-8db0-4093-9c62-bffb9450c7dd,no unique Spanish preferred candidate,0,0
169452,09095927-e0be-452e-8f90-88a16e8b66a5,no unique Spanish preferred candidate,0,0
169451,f95479af-6396-45c4-a240-1911442bc60b,no unique Spanish preferred candidate,0,0
169450,c3d65ea4-1517-4db6-abf1-b708e50922b7,no unique Spanish preferred candidate,0,0
169449,b132abf0-4b11-45d2-be96-14a5a6a2aaf7,no unique Spanish preferred candidate,0,0
169448,fe8c08e8-aabc-49e1-a162-cb8b041cb3fc,no unique Spanish preferred candidate,0,0
169447,7038df4d-3e46-4015-bf76-1777eb26bfc3,no unique Spanish preferred candidate,0,0
169446,707b74d8-6aef-4aa6-9686-a5a0602680af,no unique Spanish preferred candidate,0,0
169445,9032a39f-30c8-40d9-b8c5-00434d08ad14,no unique Spanish preferred candidate,0,0
169444,7f39033f-a331-4157-b3d7-c9a214322570,no unique Spanish preferred candidate,0,0
169443,1e8f7b66-b40e-4a6b-928a-2c329040e557,no unique Spanish preferred candidate,0,0
169442,eb412274-f583-4a70-a359-52525eedd655,no unique Spanish preferred candidate,0,0
169441,e0f199c7-05a9-4786-8051-58abe7de83f3,no unique Spanish preferred candidate,0,0
169440,a8213b3a-1e2a-4d90-ba87-306afcbc8dd6,no unique Spanish preferred candidate,0,0
169439,7b35178d-3957-4a6e-8d05-2445ea4d8bd5,no unique Spanish preferred candidate,0,0
169438,02567c8e-a2e4-4ec2-9ec9-af5196839975,no unique Spanish preferred candidate,0,0
169437,585ae8a8-30b5-49a3-871c-3c21ba05313a,no unique Spanish preferred candidate,0,0
169436,88efd6b1-a345-4060-970a-8cd6555c4ede,no unique Spanish preferred candidate,0,0
169435,a95b0144-146f-4887-983c-9420c1dcd877,no unique Spanish preferred candidate,0,0
169434,a31487aa-8d4b-4e5a-97c1-1d287cf1e318,no unique Spanish preferred candidate,0,0
169433,e115f51f-965c-44d5-88e3-67a46905c53a,no unique Spanish preferred candidate,0,0
169432,b1942b19-dfc4-4668-8199-725f629737be,no unique Spanish preferred candidate,0,0
169431,f020394a-87d1-4467-8af4-67526d7954a1,no unique Spanish preferred candidate,0,0
169430,6a56a1f2-27f5-431c-bb43-bf9f564ce8f1,no unique Spanish preferred candidate,0,0
169429,0fc1adbb-d8af-421b-8f9b-60ab666bb157,no unique Spanish preferred candidate,0,0
169428,ffe3e6b0-4e46-4f41-ab93-dcdec8ab1f87,no unique Spanish preferred candidate,0,0
169427,84abca8f-3686-4089-a001-76d617379dc8,no unique Spanish preferred candidate,0,0
169426,d2c403f7-742a-4890-bf99-1cf16ebb20d1,no unique Spanish preferred candidate,0,0
169425,0376e2ba-718e-4a93-916e-57b94e471bcc,no unique Spanish preferred candidate,0,0
169424,2eb45a21-77fd-4917-b872-3e73ac8392bb,no unique Spanish preferred candidate,0,0
169423,97484bc2-f4e6-4433-992b-d6ab4bfe421c,no unique Spanish preferred candidate,0,0
169422,153b1513-4c90-4a72-9de4-65895eabd901,no unique Spanish preferred candidate,0,0
169421,bfa626bf-a639-4627-9333-864e15f51338,no unique Spanish preferred candidate,0,0
169420,69fed866-0059-4e37-aecd-982a16d8a31d,no unique Spanish preferred candidate,0,0
169419,35a41383-a33a-4be5-93fc-038170776558,no unique Spanish preferred candidate,0,0
169418,7a9c374f-4728-4ed8-9c85-f5b5b5b7e364,no unique Spanish preferred candidate,0,0
169417,384dab1e-6d65-465b-9c7a-d9be9d088686,no unique Spanish preferred candidate,0,0
169416,3ac694b2-df54-4b8c-9b45-439f0a9efc7d,no unique Spanish preferred candidate,0,0
169415,2e3bed01-c0a6-46e4-a032-33b4b5bda3eb,no unique Spanish preferred candidate,0,0
169414,c8e0b9b1-3d1b-4ec2-93ee-e2c836f66a9e,no unique Spanish preferred candidate,0,0
169413,3392d47c-eed4-4087-96d4-2f8f803fd445,no unique Spanish preferred candidate,0,0
169412,1fd4b164-1374-4bd5-aadb-94d1d071a282,no unique Spanish preferred candidate,0,0
169411,6ca58274-6b05-46b3-b3b7-0919947ffd4f,no unique Spanish preferred candidate,0,0
169410,2e480c12-5764-4048-8ade-66bcf2387a4c,no unique Spanish preferred candidate,0,0
169409,8288b38b-74fd-4f66-a604-7f35c317ad56,no unique Spanish preferred candidate,0,0
169408,ac4d3e94-03f3-458a-9cb1-9c2ab3c3a3f7,no unique Spanish preferred candidate,0,0
169407,22dd4058-81bf-4cc8-aa3f-f5e18ef731cb,no unique Spanish preferred candidate,0,0
169406,cc6a6126-b8a1-4d2d-9a35-31f9be7c5e68,no unique Spanish preferred candidate,0,0
169405,9ceedfb7-60e4-42ce-a11e-f2dbabc82112,no unique Spanish preferred candidate,0,0
169404,731318a6-9fa9-4f68-97a9-5bd4cbc707f7,no unique Spanish preferred candidate,0,0
169403,b9cd9e47-da43-4a46-8f3c-e30ec9209cc7,no unique Spanish preferred candidate,0,0
169402,ce085d74-323c-4c9a-9fdf-051de81dd020,no unique Spanish preferred candidate,0,0
169401,2537896a-7d27-4c71-8e93-4c265ffa5954,no unique Spanish preferred candidate,0,0
169400,6a371f99-893f-4105-a5c7-f24a16afa3e8,no unique Spanish preferred candidate,0,0
136296,136296AAAAAAAAAAAAAAAAAAAAAAAAAAAAAA,no unique Spanish preferred candidate,0,1
169399,cd3cffd6-e178-4cfa-94fc-c666fd0f6d25,no unique Spanish preferred candidate,0,0
169398,e9ea0bbf-e785-4bf6-ac88-e2ef6ce22a51,no unique Spanish preferred candidate,0,0
169397,2d9e3c91-21e1-4d86-8b6c-685efbff7115,no unique Spanish preferred candidate,0,0
169396,7e89ff9f-a14c-4b6a-80c1-60d1fcf6eeec,no unique Spanish preferred candidate,0,0
169395,12ca64ca-f590-44ad-8625-b7ff3969e116,no unique Spanish preferred candidate,0,0
169394,5a8a9862-0ef3-4009-aa4b-d18fdd8eeb76,no unique Spanish preferred candidate,0,0
169393,2cbd0c0f-fdb7-457e-8e95-d524093f296e,no unique Spanish preferred candidate,0,0
169392,1033dc60-82f5-40ea-bd57-74940c757055,no unique Spanish preferred candidate,0,0
169391,b7d40222-f2d9-4583-8a51-98c8d6ea6f7b,no unique Spanish preferred candidate,0,0
169390,bf2a2e8a-f4d8-4ac1-ad79-6d233de2336e,no unique Spanish preferred candidate,0,0
169389,63daed9c-fc38-40cf-93f1-8f7616b9dc62,no unique Spanish preferred candidate,0,0
169388,e575a1c7-3685-4cbe-9028-a32d4bcea493,no unique Spanish preferred candidate,0,0
169387,dee04157-007b-4d44-989e-0eb114a0e9ac,no unique Spanish preferred candidate,0,0
169386,cf5da5c7-6fcc-4e75-abc9-89997584ea43,no unique Spanish preferred candidate,0,0
169385,3422e0dd-8f77-4778-b549-29536c4a2ab5,no unique Spanish preferred candidate,0,0
169384,8aca7bb7-72ba-4f23-8bf1-2fa040fa2b9f,no unique Spanish preferred candidate,0,0
169383,745a1bf4-7ed5-4303-b1a8-da1e1c186898,no unique Spanish preferred candidate,0,0
169382,9cef0575-6810-4478-9e08-1ea1f9823e85,no unique Spanish preferred candidate,0,0
169381,7e5f7736-24e5-4336-a500-d012127dc12c,no unique Spanish preferred candidate,0,0
169380,a84cc938-2adf-436a-8426-5e120b6cc141,no unique Spanish preferred candidate,0,0
169379,4e42c8a8-a41c-4534-8a10-acef3f16428e,no unique Spanish preferred candidate,0,0
169378,4a8bf90e-188c-425c-919f-72ec8c025f99,no unique Spanish preferred candidate,0,0
169377,95c1aaf6-2e36-4912-a9a1-9f44cb6013b6,no unique Spanish preferred candidate,0,0
169376,905d5d0f-9362-492c-9cf3-d55e59173834,no unique Spanish preferred candidate,0,0
169375,5556a23d-8bb9-4f03-bb31-8b9010e63d8c,no unique Spanish preferred candidate,0,0
169374,a99c2cd2-05e1-46f3-aeca-a38edacee2ca,no unique Spanish preferred candidate,0,0
169373,44380729-2a53-4a33-8944-c0ee94a1172f,no unique Spanish preferred candidate,0,0
169372,e91b868d-9bd1-4fd7-903a-090858a94c36,no unique Spanish preferred candidate,0,0
169371,d1a2d364-c1a7-4ab1-a540-4f6fb9f10bda,no unique Spanish preferred candidate,0,0
169369,fd7f8123-c16b-4481-a47a-b66d5a28eeb8,no unique Spanish preferred candidate,0,0
169368,0789c167-e8a8-4751-8d88-bd5616d02607,no unique Spanish preferred candidate,0,0
169367,b9fac59b-26b3-475c-a1b6-b1ecf5f28d10,no unique Spanish preferred candidate,0,0
169366,18c6c568-1f7d-4b88-ae17-aa92ab54066a,no unique Spanish preferred candidate,0,0
169365,3aebaa0f-9314-47f3-9365-f4567ce61cee,no unique Spanish preferred candidate,0,0
169364,ed21561a-b48c-4390-a7ea-c286d792d14d,no unique Spanish preferred candidate,0,0
169363,c7cc54cf-1338-4df7-8cbb-88983f842ce3,no unique Spanish preferred candidate,0,0
169362,bdb6d212-c44f-4aee-bdc0-d3e34d1f5603,no unique Spanish preferred candidate,0,0
169361,0af318f4-94a2-4dbe-9727-fb1d682e75fb,no unique Spanish preferred candidate,0,0
169360,7ce189ae-2c16-4b21-b9e0-dfb7a9900489,no unique Spanish preferred candidate,0,0
169359,11359788-8b33-4554-ace3-3e75296954cc,no unique Spanish preferred candidate,0,0
169358,f053136c-4af9-4e69-8725-699a86cdb63d,no unique Spanish preferred candidate,0,0
169357,331049b4-b743-4295-b7b2-93ebba26f07e,no unique Spanish preferred candidate,0,0
169356,66107517-e517-45bd-8638-c37c779d4c88,no unique Spanish preferred candidate,0,0
169355,1f8e977a-c2b6-4a70-857f-d707526e8da6,no unique Spanish preferred candidate,0,0
169354,42d8c499-268b-4121-a03d-8c7512a25d5d,no unique Spanish preferred candidate,0,0
169353,431f1459-2c34-46c0-bceb-76c7457cf12a,no unique Spanish preferred candidate,0,0
169352,171e8ab8-282a-450b-a31a-e940d62b0146,no unique Spanish preferred candidate,0,0
169351,4257ab81-101c-4fd9-b8a7-cfb57ba1b033,no unique Spanish preferred candidate,0,0
169350,ec6e460d-32fa-4c93-8b53-1a51c363665a,no unique Spanish preferred candidate,0,0
169349,a49fa0c9-2edf-4c90-8cef-3d3506bd02f7,no unique Spanish preferred candidate,0,0
169348,0f1aa84f-1a71-4892-b3c7-b1f79895d390,no unique Spanish preferred candidate,0,0
169347,a1e7b59f-62c3-40f6-83f4-5c53a4b5e653,no unique Spanish preferred candidate,0,0
169346,0d28a337-74b2-4a91-82c7-bbc780d0d76a,no unique Spanish preferred candidate,0,0
169345,9dc579d4-fe8c-4739-9449-6ecb260da18c,no unique Spanish preferred candidate,0,0
169344,94658359-a081-4cdb-88ac-f6894caac715,no unique Spanish preferred candidate,0,0
169343,0b64340a-239c-484e-9b92-a93041f19830,no unique Spanish preferred candidate,0,0
169342,f59f0588-3ea1-4d62-9909-5899a3d78512,no unique Spanish preferred candidate,0,0
169341,d416b215-2064-4632-9cea-48291908cbb9,no unique Spanish preferred candidate,0,0
169340,c7a5dd6e-00d2-46e7-8bd4-fe7e9fc4ef94,no unique Spanish preferred candidate,0,0
169339,1924689a-f990-4d02-9876-d898d892196e,no unique Spanish preferred candidate,0,0
169338,d473ceb0-3e72-44d4-8bd4-f88024307759,no unique Spanish preferred candidate,0,0
169337,83b457b2-10e0-440d-8dec-13b7604d94e4,no unique Spanish preferred candidate,0,0
169336,36939a20-0536-45f2-b91a-ebbfa2ff5106,no unique Spanish preferred candidate,0,0
169335,3db0b60b-4be7-4748-86cf-658d2527cf1f,no unique Spanish preferred candidate,0,0
169334,dc7d0124-6cac-4fd1-9868-aa13e4dd8f5c,no unique Spanish preferred candidate,0,0
169333,44a9fba9-7c07-439e-900f-bff4c938eb82,no unique Spanish preferred candidate,0,0
169332,87410030-a006-4621-89df-46ef0e309785,no unique Spanish preferred candidate,0,0
169331,6588c08b-d09f-4892-8f9b-898d7023e109,no unique Spanish preferred candidate,0,0
169330,b95c5a40-a718-40b3-9fec-25ea68c35ee1,no unique Spanish preferred candidate,0,0
169329,2ea40b69-4ed8-4c6f-a4d7-44a4dad1c5ff,no unique Spanish preferred candidate,0,0
169328,3721377a-528c-4978-8df1-c063defdb1e5,no unique Spanish preferred candidate,0,0
169327,8eb9dc93-dacf-46e0-ada0-040b6e956585,no unique Spanish preferred candidate,0,0
169326,494d9901-4d0b-4195-9345-68afe48ab53d,no unique Spanish preferred candidate,0,0
169325,5bc9e1a5-e248-4dd8-b106-e95b74760853,no unique Spanish preferred candidate,0,0
169324,f146ca84-4258-4db8-b3c6-2df90e877202,no unique Spanish preferred candidate,0,0
169323,096f85a7-96a0-44ba-bcef-efc19b056b51,no unique Spanish preferred candidate,0,0
169322,9a984cc8-d21e-4ef5-ac80-e88b62190f83,no unique Spanish preferred candidate,0,0
169321,3203a29c-121d-404e-890b-b8f5c13cdd7b,no unique Spanish preferred candidate,0,0
169320,38c082f5-ffac-4645-8c7d-a663f0a980f7,no unique Spanish preferred candidate,0,0
169319,0d47dfe5-e5c0-40e3-a99a-a62d60fc662e,no unique Spanish preferred candidate,0,0
169318,1f23637e-f17a-4ee3-880e-651808b2c9f7,no unique Spanish preferred candidate,0,0
169317,b109c6fb-656a-4cfd-9f3b-aaca239ab818,no unique Spanish preferred candidate,0,0
169316,b68f1f70-de67-4d75-8aef-73a521587cc0,no unique Spanish preferred candidate,0,0
169315,f0c32e6f-c659-45ac-b0de-b8ba07c09380,no unique Spanish preferred candidate,0,0
169314,8404b645-a7e7-40d2-9d99-08bad74bc82e,no unique Spanish preferred candidate,0,0
169313,c958a4f6-4915-4d64-a0b0-ce425199f96d,no unique Spanish preferred candidate,0,0
169312,8c3d3cd0-d697-4e1b-bf50-25f88dda0cd3,no unique Spanish preferred candidate,0,0
169311,f054532e-60b3-4293-8efb-7880f1db56ae,no unique Spanish preferred candidate,0,0
169310,e56bae08-9a4c-4d6b-b50d-5cef79068cc6,no unique Spanish preferred candidate,0,0
169309,bc77e492-d202-442d-a6f3-cc38a4a98eb3,no unique Spanish preferred candidate,0,0
169308,92e887cb-5534-4256-b846-31f9486cdbaf,no unique Spanish preferred candidate,0,0
169307,fc996ade-d9bb-4eef-bca5-31b4d1eee3d6,no unique Spanish preferred candidate,0,0
169306,b5812dae-e63e-4eb4-b32e-fcd09606059a,no unique Spanish preferred candidate,0,0
169305,fe42003a-f2a0-4633-8a24-339b9e7218ca,no unique Spanish preferred candidate,0,0
169304,aa3e89cb-1c8a-4b76-97eb-6242de92abe5,no unique Spanish preferred candidate,0,0
169303,132038ff-fea4-4f10-8152-2eef56f5417f,no unique Spanish preferred candidate,0,0
169302,869a5bfd-4fbe-4912-bbba-98868eb97a83,no unique Spanish preferred candidate,0,0
169301,989066a0-23a2-4203-87ee-01da480968fc,no unique Spanish preferred candidate,0,0
169300,e9434b5f-21fb-4858-85b9-524af35d28c7,no unique Spanish preferred candidate,0,0
136197,136197AAAAAAAAAAAAAAAAAAAAAAAAAAAAAA,no unique Spanish preferred candidate,0,1
169299,b1939b4a-7f1a-4c16-bdaa-82ab7b24f47d,no unique Spanish preferred candidate,0,0
169298,553ce11c-adea-4edf-9469-24d0054328f8,no unique Spanish preferred candidate,0,0
169297,30311a1f-8e6d-465e-a82b-3fa674e43f00,no unique Spanish preferred candidate,0,0
136194,136194AAAAAAAAAAAAAAAAAAAAAAAAAAAAAA,no unique Spanish preferred candidate,0,1
169296,1075ab11-2eb3-475a-b89a-6428819b9833,no unique Spanish preferred candidate,0,0
169295,6f73c277-2fe0-4b75-ae61-47328bb390d3,no unique Spanish preferred candidate,0,0
169294,1a62ec37-18bf-4a61-9823-4f8b88acb2de,no unique Spanish preferred candidate,0,0
169293,f9beff34-62e8-4c52-8f9f-e79519b73dbe,no unique Spanish preferred candidate,0,0
169292,8de37da0-5a28-4768-858f-4d6d1cf4737e,no unique Spanish preferred candidate,0,0
169291,cc8efdc6-152d-41a0-8b1d-0f603384c3f0,no unique Spanish preferred candidate,0,0
169290,5fde43dc-ef4c-4339-a767-bdc3fd6323e3,no unique Spanish preferred candidate,0,0
169289,98517ec4-b9f7-4536-b587-508fd03fc2bb,no unique Spanish preferred candidate,0,0
169288,26c086d2-203d-4184-b8c2-5ec4d6ee254b,no unique Spanish preferred candidate,0,0
169287,d2c33c4b-8b49-4c57-b9cf-c103b4760336,no unique Spanish preferred candidate,0,0
169286,904ac2b2-7dcf-48d3-b3f1-449a53e3415d,no unique Spanish preferred candidate,0,0
169285,4c3ad898-e2e9-4efb-b0a2-b1439868f17b,no unique Spanish preferred candidate,0,0
169284,f22615e2-aa57-49e8-9d85-f1180566581a,no unique Spanish preferred candidate,0,0
169283,3a461dbd-83aa-4cea-bee5-4e89a50185dd,no unique Spanish preferred candidate,0,0
169282,36e5c214-14c4-48c9-a388-597684767327,no unique Spanish preferred candidate,0,0
169281,e446f182-81d1-4b34-9656-7306f51e2ccd,no unique Spanish preferred candidate,0,0
169280,af691daa-1d25-4de4-a153-6b8a05a981ff,no unique Spanish preferred candidate,0,0
169279,cfc44ad5-8bac-41dd-bf6b-2a23dfa8bf90,no unique Spanish preferred candidate,0,0
169278,f1f196de-98ab-46b1-a39f-047b8d64bea6,no unique Spanish preferred candidate,0,0
169277,dcf31ffa-36a1-4673-9a04-34a62e94edc4,no unique Spanish preferred candidate,0,0
169276,8c3bafb9-60a4-455b-ae2f-b343d34faca6,no unique Spanish preferred candidate,0,0
169275,9f491a6b-b578-4197-99ab-aa3cbca65de8,no unique Spanish preferred candidate,0,0
169274,fecd665d-c6cf-4788-81f6-0f5b4944aa85,no unique Spanish preferred candidate,0,0
169273,8c1c7d93-b636-4dd0-a845-74a7bacecb57,no unique Spanish preferred candidate,0,0
169272,bcfd446e-4e65-4274-b7cb-c641a2529045,no unique Spanish preferred candidate,0,0
169271,3e5daa94-0998-4cea-9dc7-517b7e815e19,no unique Spanish preferred candidate,0,0
169270,728a9b3a-d9fb-49fe-9992-e97634a183eb,no unique Spanish preferred candidate,0,0
169269,9592bdd2-d3c9-4d0b-a3f8-3114b47e71a1,no unique Spanish preferred candidate,0,0
169268,2d12eb5c-21b8-480b-81db-b421c6fba84f,no unique Spanish preferred candidate,0,0
169267,788c093b-dc03-4f67-a17a-85862c10081b,no unique Spanish preferred candidate,0,0
169266,1c13e87b-e8b7-4076-9886-43e518e731d9,no unique Spanish preferred candidate,0,0
169265,ea767d26-6555-4952-b37e-0e799a57505f,no unique Spanish preferred candidate,0,0
169264,6343c376-d26e-4690-9322-b2058eca908d,no unique Spanish preferred candidate,0,0
169263,a7e41144-ab64-44b8-a2fb-f7487faa32b1,no unique Spanish preferred candidate,0,0
169262,0464ea6a-a504-4451-95ad-ac6d597b8605,no unique Spanish preferred candidate,0,0
136157,136157AAAAAAAAAAAAAAAAAAAAAAAAAAAAAA,no unique Spanish preferred candidate,0,1
169261,014f34f2-002d-42b8-92e0-bb5c75f3cbca,no unique Spanish preferred candidate,0,0
169260,ed8a8401-0d65-4c90-b104-5314c635459d,no unique Spanish preferred candidate,0,0
169259,18ed68d3-f797-4b0a-8863-a52443c07e8a,no unique Spanish preferred candidate,0,0
169258,44d3b3cc-d5fb-49c5-9a0b-e650cde061c7,no unique Spanish preferred candidate,0,0
169257,bed330dc-4e4c-4128-b08a-a7ebfb3b6143,no unique Spanish preferred candidate,0,0
169256,5d6b4aaa-f48b-4e0b-a1b1-1175fa3b6fea,no unique Spanish preferred candidate,0,0
169255,0de7c714-c7bf-49aa-bacf-76c307e05f39,no unique Spanish preferred candidate,0,0
169254,fbf43529-6ef2-4f6b-a90e-07948d75122c,no unique Spanish preferred candidate,0,0
169253,23f79335-3dde-4849-abc2-8523a3385d7b,no unique Spanish preferred candidate,0,0
169252,1a717880-04d3-4631-acd7-b2848f56e6f1,no unique Spanish preferred candidate,0,0
169251,e81c7e71-0c80-4b12-bfc0-6d5bc428dab0,no unique Spanish preferred candidate,0,0
169250,b355cc13-2072-4a18-bb60-30484eb12500,no unique Spanish preferred candidate,0,0
169249,8f4809e3-71ac-4de7-8ebf-83de895049e8,no unique Spanish preferred candidate,0,0
169248,510591ba-aa27-487c-9fbc-06a8a9a83699,no unique Spanish preferred candidate,0,0
169247,4531dab4-3879-4392-8ac8-af423d984804,no unique Spanish preferred candidate,0,0
169246,a8985564-5f07-4f8f-95ac-aafc57673b6d,no unique Spanish preferred candidate,0,0
169245,432c2945-de96-46e0-9f81-97833c450bc8,no unique Spanish preferred candidate,0,0
169244,31f24724-caf6-43a0-b99c-e2e3ff5eca8c,no unique Spanish preferred candidate,0,0
169243,ec2bb920-5f49-4f82-a91e-c1bafd7c60c7,no unique Spanish preferred candidate,0,0
169242,f7458f00-ed83-4b5b-bdd6-d0248e365f41,no unique Spanish preferred candidate,0,0
169241,ede877d4-43e6-4ec7-a0e9-0745dcb61d05,no unique Spanish preferred candidate,0,0
169240,b3cc965d-b276-4dba-96c6-3c107f86daee,no unique Spanish preferred candidate,0,0
169239,5a471ad6-9707-43c1-9751-57f3c5bbf59f,no unique Spanish preferred candidate,0,0
169238,ebdcb8b4-8089-422c-a636-f8aeb44e6eed,no unique Spanish preferred candidate,0,0
169237,83a8a050-938a-4d14-86ae-4c8da538ff6f,no unique Spanish preferred candidate,0,0
169236,2d49f4fa-187e-42dd-9505-dc6a852a75d4,no unique Spanish preferred candidate,0,0
169235,ee4f69d3-7c97-43b8-904d-6b726a85f806,no unique Spanish preferred candidate,0,0
169234,7aac8345-99bf-4e5d-b098-053011759a7f,no unique Spanish preferred candidate,0,0
169233,de7f4c71-d996-4e3c-8735-b226b2487d04,no unique Spanish preferred candidate,0,0
169232,cfcb38ba-22af-4d9a-830b-e8d3929bc0e3,no unique Spanish preferred candidate,0,0
169231,2e143416-400c-46a0-862e-d4088211f98f,no unique Spanish preferred candidate,0,0
169230,4d406cec-8e18-48e9-9c9f-c2ecc0e4355b,no unique Spanish preferred candidate,0,0
169229,1304b943-339f-403f-aca9-c47b7779c9c7,no unique Spanish preferred candidate,0,0
169228,c270bd6e-3fa6-42b7-a249-ababe6afb772,no unique Spanish preferred candidate,0,0
136123,136123AAAAAAAAAAAAAAAAAAAAAAAAAAAAAA,no unique Spanish preferred candidate,1,1
169227,25d6f0e1-c051-4e0b-bf0e-b5e42e5e5406,no unique Spanish preferred candidate,0,0
169226,bb2f240b-19ec-4713-92ce-9ddc9743dc0d,no unique Spanish preferred candidate,0,0
169225,6c7f23f9-eb76-40c8-88e2-08db892f34ea,no unique Spanish preferred candidate,0,0
136,136AAAAAAAAAAAAAAAAAAAAAAAAAAAAAAAAA,no unique Spanish preferred candidate,0,1
135662,135662AAAAAAAAAAAAAAAAAAAAAAAAAAAAAA,no unique Spanish preferred candidate,0,1
168757,1f08ed44-28f2-48b3-bd2c-a95f695b65f6,no unique Spanish preferred candidate,0,1
168691,bae4ee5b-7ba7-470d-b54a-6fd947a0f3c7,no unique Spanish preferred candidate,0,1
135415,135415AAAAAAAAAAAAAAAAAAAAAAAAAAAAAA,no unique Spanish preferred candidate,0,1
135350,135350AAAAAAAAAAAAAAAAAAAAAAAAAAAAAA,no unique Spanish preferred candidate,0,1
168426,d4e9d96a-a895-4750-8886-90a233c1c547,no unique Spanish preferred candidate,0,1
134759,134759AAAAAAAAAAAAAAAAAAAAAAAAAAAAAA,no unique Spanish preferred candidate,0,1
167801,30c9c7a5-cc9e-40fa-a5ec-9e8b8994a2c7,no unique Spanish preferred candidate,0,1
134423,134423AAAAAAAAAAAAAAAAAAAAAAAAAAAAAA,no unique Spanish preferred candidate,0,1
134239,134239AAAAAAAAAAAAAAAAAAAAAAAAAAAAAA,no unique Spanish preferred candidate,0,1
167511,167511AAAAAAAAAAAAAAAAAAAAAAAAAAAAAA,no unique Spanish preferred candidate,0,1
134,134AAAAAAAAAAAAAAAAAAAAAAAAAAAAAAAAA,no unique Spanish preferred candidate,0,1
167135,167135AAAAAAAAAAAAAAAAAAAAAAAAAAAAAA,no unique Spanish preferred candidate,0,1
167028,167028AAAAAAAAAAAAAAAAAAAAAAAAAAAAAA,no unique Spanish preferred candidate,0,1
133629,133629AAAAAAAAAAAAAAAAAAAAAAAAAAAAAA,no unique Spanish preferred candidate,0,1
166993,166993AAAAAAAAAAAAAAAAAAAAAAAAAAAAAA,no unique Spanish preferred candidate,0,1
166857,166857AAAAAAAAAAAAAAAAAAAAAAAAAAAAAA,no unique Spanish preferred candidate,0,1
166844,166844AAAAAAAAAAAAAAAAAAAAAAAAAAAAAA,no unique Spanish preferred candidate,1,1
166684,166684AAAAAAAAAAAAAAAAAAAAAAAAAAAAAA,no unique Spanish preferred candidate,0,1
133092,133092AAAAAAAAAAAAAAAAAAAAAAAAAAAAAA,no unique Spanish preferred candidate,0,1
166575,166575AAAAAAAAAAAAAAAAAAAAAAAAAAAAAA,no unique Spanish preferred candidate,1,1
166574,166574AAAAAAAAAAAAAAAAAAAAAAAAAAAAAA,no unique Spanish preferred candidate,1,1
133055,133055AAAAAAAAAAAAAAAAAAAAAAAAAAAAAA,no unique Spanish preferred candidate,0,1
166560,166560AAAAAAAAAAAAAAAAAAAAAAAAAAAAAA,no unique Spanish preferred candidate,1,1
1330,1330AAAAAAAAAAAAAAAAAAAAAAAAAAAAAAAA,no unique Spanish preferred candidate,1,1
133,133AAAAAAAAAAAAAAAAAAAAAAAAAAAAAAAAA,no unique Spanish preferred candidate,0,1
166419,166419AAAAAAAAAAAAAAAAAAAAAAAAAAAAAA,no unique Spanish preferred candidate,0,1
132535,132535AAAAAAAAAAAAAAAAAAAAAAAAAAAAAA,no unique Spanish preferred candidate,1,1
166103,166103AAAAAAAAAAAAAAAAAAAAAAAAAAAAAA,no unique Spanish preferred candidate,1,1
166102,166102AAAAAAAAAAAAAAAAAAAAAAAAAAAAAA,no unique Spanish preferred candidate,1,1
131763,131763AAAAAAAAAAAAAAAAAAAAAAAAAAAAAA,no unique Spanish preferred candidate,0,1
131673,131673AAAAAAAAAAAAAAAAAAAAAAAAAAAAAA,no unique Spanish preferred candidate,0,1
165307,165307AAAAAAAAAAAAAAAAAAAAAAAAAAAAAA,no unique Spanish preferred candidate,0,1
165269,165269AAAAAAAAAAAAAAAAAAAAAAAAAAAAAA,no unique Spanish preferred candidate,0,1
165198,165198AAAAAAAAAAAAAAAAAAAAAAAAAAAAAA,no unique Spanish preferred candidate,1,1
165152,165152AAAAAAAAAAAAAAAAAAAAAAAAAAAAAA,no unique Spanish preferred candidate,0,1
164929,164929AAAAAAAAAAAAAAAAAAAAAAAAAAAAAA,no unique Spanish preferred candidate,1,1
164770,164770AAAAAAAAAAAAAAAAAAAAAAAAAAAAAA,no unique Spanish preferred candidate,1,1
130491,130491AAAAAAAAAAAAAAAAAAAAAAAAAAAAAA,no unique Spanish preferred candidate,0,1
164181,164181AAAAAAAAAAAAAAAAAAAAAAAAAAAAAA,no unique Spanish preferred candidate,0,1
163886,163886AAAAAAAAAAAAAAAAAAAAAAAAAAAAAA,no unique Spanish preferred candidate,1,1
163859,163859AAAAAAAAAAAAAAAAAAAAAAAAAAAAAA,no unique Spanish preferred candidate,1,1
163805,163805AAAAAAAAAAAAAAAAAAAAAAAAAAAAAA,no unique Spanish preferred candidate,1,1
129510,129510AAAAAAAAAAAAAAAAAAAAAAAAAAAAAA,no unique Spanish preferred candidate,0,1
163582,163582AAAAAAAAAAAAAAAAAAAAAAAAAAAAAA,no unique Spanish preferred candidate,1,1
163532,163532AAAAAAAAAAAAAAAAAAAAAAAAAAAAAA,no unique Spanish preferred candidate,0,1
163473,163473AAAAAAAAAAAAAAAAAAAAAAAAAAAAAA,no unique Spanish preferred candidate,0,1
129251,129251AAAAAAAAAAAAAAAAAAAAAAAAAAAAAA,no unique Spanish preferred candidate,0,1
129201,129201AAAAAAAAAAAAAAAAAAAAAAAAAAAAAA,no unique Spanish preferred candidate,0,1
1292,1292AAAAAAAAAAAAAAAAAAAAAAAAAAAAAAAA,no unique Spanish preferred candidate,0,1
1291,1291AAAAAAAAAAAAAAAAAAAAAAAAAAAAAAAA,no unique Spanish preferred candidate,1,1
128721,128721AAAAAAAAAAAAAAAAAAAAAAAAAAAAAA,no unique Spanish preferred candidate,0,1
162960,162960AAAAAAAAAAAAAAAAAAAAAAAAAAAAAA,no unique Spanish preferred candidate,0,1
162885,162885AAAAAAAAAAAAAAAAAAAAAAAAAAAAAA,no unique Spanish preferred candidate,1,1
128282,128282AAAAAAAAAAAAAAAAAAAAAAAAAAAAAA,no unique Spanish preferred candidate,0,1
162763,162763AAAAAAAAAAAAAAAAAAAAAAAAAAAAAA,no unique Spanish preferred candidate,1,1
162697,162697AAAAAAAAAAAAAAAAAAAAAAAAAAAAAA,no unique Spanish preferred candidate,1,1
128190,128190AAAAAAAAAAAAAAAAAAAAAAAAAAAAAA,no unique Spanish preferred candidate,0,1
128184,128184AAAAAAAAAAAAAAAAAAAAAAAAAAAAAA,no unique Spanish preferred candidate,0,1
162493,162493AAAAAAAAAAAAAAAAAAAAAAAAAAAAAA,no unique Spanish preferred candidate,0,1
127899,127899AAAAAAAAAAAAAAAAAAAAAAAAAAAAAA,no unique Spanish preferred candidate,0,1
162377,162377AAAAAAAAAAAAAAAAAAAAAAAAAAAAAA,no unique Spanish preferred candidate,1,1
162317,162317AAAAAAAAAAAAAAAAAAAAAAAAAAAAAA,no unique Spanish preferred candidate,1,1
127790,127790AAAAAAAAAAAAAAAAAAAAAAAAAAAAAA,no unique Spanish preferred candidate,0,1
162295,162295AAAAAAAAAAAAAAAAAAAAAAAAAAAAAA,no unique Spanish preferred candidate,1,1
127716,127716AAAAAAAAAAAAAAAAAAAAAAAAAAAAAA,no unique Spanish preferred candidate,0,1
127623,127623AAAAAAAAAAAAAAAAAAAAAAAAAAAAAA,no unique Spanish preferred candidate,0,1
127535,127535AAAAAAAAAAAAAAAAAAAAAAAAAAAAAA,no unique Spanish preferred candidate,0,1
161832,161832AAAAAAAAAAAAAAAAAAAAAAAAAAAAAA,no unique Spanish preferred candidate,1,1
127144,127144AAAAAAAAAAAAAAAAAAAAAAAAAAAAAA,no unique Spanish preferred candidate,0,1
161682,161682AAAAAAAAAAAAAAAAAAAAAAAAAAAAAA,no unique Spanish preferred candidate,1,1
127076,127076AAAAAAAAAAAAAAAAAAAAAAAAAAAAAA,no unique Spanish preferred candidate,0,1
161560,161560AAAAAAAAAAAAAAAAAAAAAAAAAAAAAA,no unique Spanish preferred candidate,0,1
161438,161438AAAAAAAAAAAAAAAAAAAAAAAAAAAAAA,no unique Spanish preferred candidate,1,1
126721,126721AAAAAAAAAAAAAAAAAAAAAAAAAAAAAA,no unique Spanish preferred candidate,0,1
161201,161201AAAAAAAAAAAAAAAAAAAAAAAAAAAAAA,no unique Spanish preferred candidate,0,1
161033,161033AAAAAAAAAAAAAAAAAAAAAAAAAAAAAA,no unique Spanish preferred candidate,0,1
161,161AAAAAAAAAAAAAAAAAAAAAAAAAAAAAAAAA,no unique Spanish preferred candidate,0,1
126371,126371AAAAAAAAAAAAAAAAAAAAAAAAAAAAAA,no unique Spanish preferred candidate,0,1
160793,160793AAAAAAAAAAAAAAAAAAAAAAAAAAAAAA,no unique Spanish preferred candidate,0,1
160706,160706AAAAAAAAAAAAAAAAAAAAAAAAAAAAAA,no unique Spanish preferred candidate,0,1
160567,160567AAAAAAAAAAAAAAAAAAAAAAAAAAAAAA,no unique Spanish preferred candidate,0,1
160274,160274AAAAAAAAAAAAAAAAAAAAAAAAAAAAAA,no unique Spanish preferred candidate,0,1
160236,160236AAAAAAAAAAAAAAAAAAAAAAAAAAAAAA,no unique Spanish preferred candidate,0,1
160183,160183AAAAAAAAAAAAAAAAAAAAAAAAAAAAAA,no unique Spanish preferred candidate,1,1
160146,160146AAAAAAAAAAAAAAAAAAAAAAAAAAAAAA,no unique Spanish preferred candidate,0,1
160021,160021AAAAAAAAAAAAAAAAAAAAAAAAAAAAAA,no unique Spanish preferred candidate,0,1
159975,159975AAAAAAAAAAAAAAAAAAAAAAAAAAAAAA,no unique Spanish preferred candidate,0,1
125077,125077AAAAAAAAAAAAAAAAAAAAAAAAAAAAAA,no unique Spanish preferred candidate,0,1
159594,159594AAAAAAAAAAAAAAAAAAAAAAAAAAAAAA,no unique Spanish preferred candidate,0,1
159591,159591AAAAAAAAAAAAAAAAAAAAAAAAAAAAAA,no unique Spanish preferred candidate,1,1
159534,159534AAAAAAAAAAAAAAAAAAAAAAAAAAAAAA,no unique Spanish preferred candidate,1,1
159523,159523AAAAAAAAAAAAAAAAAAAAAAAAAAAAAA,no unique Spanish preferred candidate,1,1
124743,124743AAAAAAAAAAAAAAAAAAAAAAAAAAAAAA,no unique Spanish preferred candidate,0,1
159492,159492AAAAAAAAAAAAAAAAAAAAAAAAAAAAAA,no unique Spanish preferred candidate,0,1
159487,159487AAAAAAAAAAAAAAAAAAAAAAAAAAAAAA,no unique Spanish preferred candidate,0,1
159463,159463AAAAAAAAAAAAAAAAAAAAAAAAAAAAAA,no unique Spanish preferred candidate,0,1
159458,159458AAAAAAAAAAAAAAAAAAAAAAAAAAAAAA,no unique Spanish preferred candidate,0,1
159310,159310AAAAAAAAAAAAAAAAAAAAAAAAAAAAAA,no unique Spanish preferred candidate,1,1
1593,1593AAAAAAAAAAAAAAAAAAAAAAAAAAAAAAAA,no unique Spanish preferred candidate,0,1
159241,159241AAAAAAAAAAAAAAAAAAAAAAAAAAAAAA,no unique Spanish preferred candidate,1,1
124447,124447AAAAAAAAAAAAAAAAAAAAAAAAAAAAAA,no unique Spanish preferred candidate,0,1
1244,1244AAAAAAAAAAAAAAAAAAAAAAAAAAAAAAAA,no unique Spanish preferred candidate,0,1
159170,159170AAAAAAAAAAAAAAAAAAAAAAAAAAAAAA,no unique Spanish preferred candidate,1,1
159115,159115AAAAAAAAAAAAAAAAAAAAAAAAAAAAAA,no unique Spanish preferred candidate,1,1
1243,1243AAAAAAAAAAAAAAAAAAAAAAAAAAAAAAAA,no unique Spanish preferred candidate,0,1
159111,159111AAAAAAAAAAAAAAAAAAAAAAAAAAAAAA,no unique Spanish preferred candidate,0,1
1242,1242AAAAAAAAAAAAAAAAAAAAAAAAAAAAAAAA,no unique Spanish preferred candidate,0,1
159015,159015AAAAAAAAAAAAAAAAAAAAAAAAAAAAAA,no unique Spanish preferred candidate,1,1
124183,124183AAAAAAAAAAAAAAAAAAAAAAAAAAAAAA,no unique Spanish preferred candidate,0,1
1241,1241AAAAAAAAAAAAAAAAAAAAAAAAAAAAAAAA,no unique Spanish preferred candidate,0,1
158893,158893AAAAAAAAAAAAAAAAAAAAAAAAAAAAAA,no unique Spanish preferred candidate,1,1
158884,158884AAAAAAAAAAAAAAAAAAAAAAAAAAAAAA,no unique Spanish preferred candidate,1,1
1240,1240AAAAAAAAAAAAAAAAAAAAAAAAAAAAAAAA,no unique Spanish preferred candidate,0,1
158820,158820AAAAAAAAAAAAAAAAAAAAAAAAAAAAAA,no unique Spanish preferred candidate,1,1
158794,158794AAAAAAAAAAAAAAAAAAAAAAAAAAAAAA,no unique Spanish preferred candidate,1,1
158784,158784AAAAAAAAAAAAAAAAAAAAAAAAAAAAAA,no unique Spanish preferred candidate,0,1
158662,158662AAAAAAAAAAAAAAAAAAAAAAAAAAAAAA,no unique Spanish preferred candidate,0,1
158498,158498AAAAAAAAAAAAAAAAAAAAAAAAAAAAAA,no unique Spanish preferred candidate,0,1
158476,158476AAAAAAAAAAAAAAAAAAAAAAAAAAAAAA,no unique Spanish preferred candidate,0,1
1584,1584AAAAAAAAAAAAAAAAAAAAAAAAAAAAAAAA,no unique Spanish preferred candidate,0,1
158383,158383AAAAAAAAAAAAAAAAAAAAAAAAAAAAAA,no unique Spanish preferred candidate,1,1
123326,123326AAAAAAAAAAAAAAAAAAAAAAAAAAAAAA,no unique Spanish preferred candidate,0,1
123228,123228AAAAAAAAAAAAAAAAAAAAAAAAAAAAAA,no unique Spanish preferred candidate,0,1
123220,123220AAAAAAAAAAAAAAAAAAAAAAAAAAAAAA,no unique Spanish preferred candidate,0,1
123212,123212AAAAAAAAAAAAAAAAAAAAAAAAAAAAAA,no unique Spanish preferred candidate,0,1
158236,158236AAAAAAAAAAAAAAAAAAAAAAAAAAAAAA,no unique Spanish preferred candidate,1,1
158198,158198AAAAAAAAAAAAAAAAAAAAAAAAAAAAAA,no unique Spanish preferred candidate,0,1
158197,158197AAAAAAAAAAAAAAAAAAAAAAAAAAAAAA,no unique Spanish preferred candidate,0,1
158184,158184AAAAAAAAAAAAAAAAAAAAAAAAAAAAAA,no unique Spanish preferred candidate,1,1
158181,158181AAAAAAAAAAAAAAAAAAAAAAAAAAAAAA,no unique Spanish preferred candidate,1,1
123103,123103AAAAAAAAAAAAAAAAAAAAAAAAAAAAAA,no unique Spanish preferred candidate,0,1
123074,123074AAAAAAAAAAAAAAAAAAAAAAAAAAAAAA,no unique Spanish preferred candidate,0,1
123071,123071AAAAAAAAAAAAAAAAAAAAAAAAAAAAAA,no unique Spanish preferred candidate,0,1
158125,158125AAAAAAAAAAAAAAAAAAAAAAAAAAAAAA,no unique Spanish preferred candidate,0,1
158052,158052AAAAAAAAAAAAAAAAAAAAAAAAAAAAAA,no unique Spanish preferred candidate,0,1
158017,158017AAAAAAAAAAAAAAAAAAAAAAAAAAAAAA,no unique Spanish preferred candidate,1,1
157946,157946AAAAAAAAAAAAAAAAAAAAAAAAAAAAAA,no unique Spanish preferred candidate,1,1
157923,157923AAAAAAAAAAAAAAAAAAAAAAAAAAAAAA,no unique Spanish preferred candidate,1,1
157916,157916AAAAAAAAAAAAAAAAAAAAAAAAAAAAAA,no unique Spanish preferred candidate,1,1
157891,157891AAAAAAAAAAAAAAAAAAAAAAAAAAAAAA,no unique Spanish preferred candidate,1,1
122750,122750AAAAAAAAAAAAAAAAAAAAAAAAAAAAAA,no unique Spanish preferred candidate,0,1
157805,157805AAAAAAAAAAAAAAAAAAAAAAAAAAAAAA,no unique Spanish preferred candidate,1,1
157791,157791AAAAAAAAAAAAAAAAAAAAAAAAAAAAAA,no unique Spanish preferred candidate,0,1
122186,122186AAAAAAAAAAAAAAAAAAAAAAAAAAAAAA,no unique Spanish preferred candidate,1,1
122177,122177AAAAAAAAAAAAAAAAAAAAAAAAAAAAAA,no unique Spanish preferred candidate,1,1
122142,122142AAAAAAAAAAAAAAAAAAAAAAAAAAAAAA,no unique Spanish preferred candidate,1,1
122129,122129AAAAAAAAAAAAAAAAAAAAAAAAAAAAAA,no unique Spanish preferred candidate,0,1
122124,122124AAAAAAAAAAAAAAAAAAAAAAAAAAAAAA,no unique Spanish preferred candidate,0,1
122120,122120AAAAAAAAAAAAAAAAAAAAAAAAAAAAAA,no unique Spanish preferred candidate,0,1
122089,122089AAAAAAAAAAAAAAAAAAAAAAAAAAAAAA,no unique Spanish preferred candidate,0,1
122016,122016AAAAAAAAAAAAAAAAAAAAAAAAAAAAAA,no unique Spanish preferred candidate,0,1
122013,122013AAAAAAAAAAAAAAAAAAAAAAAAAAAAAA,no unique Spanish preferred candidate,0,1
121996,121996AAAAAAAAAAAAAAAAAAAAAAAAAAAAAA,no unique Spanish preferred candidate,0,1
121988,121988AAAAAAAAAAAAAAAAAAAAAAAAAAAAAA,no unique Spanish preferred candidate,0,1
121977,121977AAAAAAAAAAAAAAAAAAAAAAAAAAAAAA,no unique Spanish preferred candidate,0,1
121966,121966AAAAAAAAAAAAAAAAAAAAAAAAAAAAAA,no unique Spanish preferred candidate,0,1
121928,121928AAAAAAAAAAAAAAAAAAAAAAAAAAAAAA,no unique Spanish preferred candidate,0,1
121899,121899AAAAAAAAAAAAAAAAAAAAAAAAAAAAAA,no unique Spanish preferred candidate,0,1
121836,121836AAAAAAAAAAAAAAAAAAAAAAAAAAAAAA,no unique Spanish preferred candidate,0,1
121776,121776AAAAAAAAAAAAAAAAAAAAAAAAAAAAAA,no unique Spanish preferred candidate,0,1
121701,121701AAAAAAAAAAAAAAAAAAAAAAAAAAAAAA,no unique Spanish preferred candidate,0,1
121699,121699AAAAAAAAAAAAAAAAAAAAAAAAAAAAAA,no unique Spanish preferred candidate,0,1
121691,121691AAAAAAAAAAAAAAAAAAAAAAAAAAAAAA,no unique Spanish preferred candidate,0,1
157395,157395AAAAAAAAAAAAAAAAAAAAAAAAAAAAAA,no unique Spanish preferred candidate,0,1
121577,121577AAAAAAAAAAAAAAAAAAAAAAAAAAAAAA,no unique Spanish preferred candidate,0,1
157337,157337AAAAAAAAAAAAAAAAAAAAAAAAAAAAAA,no unique Spanish preferred candidate,0,1
121563,121563AAAAAAAAAAAAAAAAAAAAAAAAAAAAAA,no unique Spanish preferred candidate,0,1
121529,121529AAAAAAAAAAAAAAAAAAAAAAAAAAAAAA,no unique Spanish preferred candidate,0,1
121492,121492AAAAAAAAAAAAAAAAAAAAAAAAAAAAAA,no unique Spanish preferred candidate,2,1
121457,121457AAAAAAAAAAAAAAAAAAAAAAAAAAAAAA,no unique Spanish preferred candidate,0,1
121377,121377AAAAAAAAAAAAAAAAAAAAAAAAAAAAAA,no unique Spanish preferred candidate,0,1
121367,121367AAAAAAAAAAAAAAAAAAAAAAAAAAAAAA,no unique Spanish preferred candidate,0,1
121344,121344AAAAAAAAAAAAAAAAAAAAAAAAAAAAAA,no unique Spanish preferred candidate,0,1
121336,121336AAAAAAAAAAAAAAAAAAAAAAAAAAAAAA,no unique Spanish preferred candidate,0,1
121269,121269AAAAAAAAAAAAAAAAAAAAAAAAAAAAAA,no unique Spanish preferred candidate,0,1
121245,121245AAAAAAAAAAAAAAAAAAAAAAAAAAAAAA,no unique Spanish preferred candidate,0,1
121230,121230AAAAAAAAAAAAAAAAAAAAAAAAAAAAAA,no unique Spanish preferred candidate,0,1
121225,121225AAAAAAAAAAAAAAAAAAAAAAAAAAAAAA,no unique Spanish preferred candidate,1,1
121149,121149AAAAAAAAAAAAAAAAAAAAAAAAAAAAAA,no unique Spanish preferred candidate,0,1
121141,121141AAAAAAAAAAAAAAAAAAAAAAAAAAAAAA,no unique Spanish preferred candidate,0,1
121131,121131AAAAAAAAAAAAAAAAAAAAAAAAAAAAAA,no unique Spanish preferred candidate,0,1
121102,121102AAAAAAAAAAAAAAAAAAAAAAAAAAAAAA,no unique Spanish preferred candidate,0,1
1211,1211AAAAAAAAAAAAAAAAAAAAAAAAAAAAAAAA,no unique Spanish preferred candidate,0,1
121056,121056AAAAAAAAAAAAAAAAAAAAAAAAAAAAAA,no unique Spanish preferred candidate,0,1
121040,121040AAAAAAAAAAAAAAAAAAAAAAAAAAAAAA,no unique Spanish preferred candidate,0,1
121016,121016AAAAAAAAAAAAAAAAAAAAAAAAAAAAAA,no unique Spanish preferred candidate,0,1
120962,120962AAAAAAAAAAAAAAAAAAAAAAAAAAAAAA,no unique Spanish preferred candidate,0,1
156925,156925AAAAAAAAAAAAAAAAAAAAAAAAAAAAAA,no unique Spanish preferred candidate,1,1
156924,156924AAAAAAAAAAAAAAAAAAAAAAAAAAAAAA,no unique Spanish preferred candidate,1,1
156918,156918AAAAAAAAAAAAAAAAAAAAAAAAAAAAAA,no unique Spanish preferred candidate,1,1
120804,120804AAAAAAAAAAAAAAAAAAAAAAAAAAAAAA,no unique Spanish preferred candidate,0,1
120781,120781AAAAAAAAAAAAAAAAAAAAAAAAAAAAAA,no unique Spanish preferred candidate,0,1
120770,120770AAAAAAAAAAAAAAAAAAAAAAAAAAAAAA,no unique Spanish preferred candidate,0,1
120717,120717AAAAAAAAAAAAAAAAAAAAAAAAAAAAAA,no unique Spanish preferred candidate,0,1
120710,120710AAAAAAAAAAAAAAAAAAAAAAAAAAAAAA,no unique Spanish preferred candidate,0,1
120705,120705AAAAAAAAAAAAAAAAAAAAAAAAAAAAAA,no unique Spanish preferred candidate,0,1
156787,156787AAAAAAAAAAAAAAAAAAAAAAAAAAAAAA,no unique Spanish preferred candidate,2,2
120672,120672AAAAAAAAAAAAAAAAAAAAAAAAAAAAAA,no unique Spanish preferred candidate,0,1
120657,120657AAAAAAAAAAAAAAAAAAAAAAAAAAAAAA,no unique Spanish preferred candidate,0,1
120634,120634AAAAAAAAAAAAAAAAAAAAAAAAAAAAAA,no unique Spanish preferred candidate,1,1
120632,120632AAAAAAAAAAAAAAAAAAAAAAAAAAAAAA,no unique Spanish preferred candidate,0,1
120629,120629AAAAAAAAAAAAAAAAAAAAAAAAAAAAAA,no unique Spanish preferred candidate,0,1
120608,120608AAAAAAAAAAAAAAAAAAAAAAAAAAAAAA,no unique Spanish preferred candidate,0,1
120592,120592AAAAAAAAAAAAAAAAAAAAAAAAAAAAAA,no unique Spanish preferred candidate,1,1
120533,120533AAAAAAAAAAAAAAAAAAAAAAAAAAAAAA,no unique Spanish preferred candidate,0,1
120531,120531AAAAAAAAAAAAAAAAAAAAAAAAAAAAAA,no unique Spanish preferred candidate,0,1
120527,120527AAAAAAAAAAAAAAAAAAAAAAAAAAAAAA,no unique Spanish preferred candidate,0,1
120523,120523AAAAAAAAAAAAAAAAAAAAAAAAAAAAAA,no unique Spanish preferred candidate,0,1
156659,156659AAAAAAAAAAAAAAAAAAAAAAAAAAAAAA,no unique Spanish preferred candidate,1,1
120388,120388AAAAAAAAAAAAAAAAAAAAAAAAAAAAAA,no unique Spanish preferred candidate,0,1
120329,120329AAAAAAAAAAAAAAAAAAAAAAAAAAAAAA,no unique Spanish preferred candidate,0,1
156606,156606AAAAAAAAAAAAAAAAAAAAAAAAAAAAAA,no unique Spanish preferred candidate,1,1
156597,156597AAAAAAAAAAAAAAAAAAAAAAAAAAAAAA,no unique Spanish preferred candidate,1,1
120300,120300AAAAAAAAAAAAAAAAAAAAAAAAAAAAAA,no unique Spanish preferred candidate,0,1
156524,156524AAAAAAAAAAAAAAAAAAAAAAAAAAAAAA,no unique Spanish preferred candidate,1,1
120137,120137AAAAAAAAAAAAAAAAAAAAAAAAAAAAAA,no unique Spanish preferred candidate,0,1
120129,120129AAAAAAAAAAAAAAAAAAAAAAAAAAAAAA,no unique Spanish preferred candidate,0,1
120110,120110AAAAAAAAAAAAAAAAAAAAAAAAAAAAAA,no unique Spanish preferred candidate,0,1
120090,120090AAAAAAAAAAAAAAAAAAAAAAAAAAAAAA,no unique Spanish preferred candidate,0,1
156441,156441AAAAAAAAAAAAAAAAAAAAAAAAAAAAAA,no unique Spanish preferred candidate,1,1
120025,120025AAAAAAAAAAAAAAAAAAAAAAAAAAAAAA,no unique Spanish preferred candidate,0,1
119931,119931AAAAAAAAAAAAAAAAAAAAAAAAAAAAAA,no unique Spanish preferred candidate,0,1
119926,119926AAAAAAAAAAAAAAAAAAAAAAAAAAAAAA,no unique Spanish preferred candidate,0,1
119924,119924AAAAAAAAAAAAAAAAAAAAAAAAAAAAAA,no unique Spanish preferred candidate,0,1
119903,119903AAAAAAAAAAAAAAAAAAAAAAAAAAAAAA,no unique Spanish preferred candidate,0,1
119825,119825AAAAAAAAAAAAAAAAAAAAAAAAAAAAAA,no unique Spanish preferred candidate,0,1
119788,119788AAAAAAAAAAAAAAAAAAAAAAAAAAAAAA,no unique Spanish preferred candidate,0,1
119766,119766AAAAAAAAAAAAAAAAAAAAAAAAAAAAAA,no unique Spanish preferred candidate,0,1
119760,119760AAAAAAAAAAAAAAAAAAAAAAAAAAAAAA,no unique Spanish preferred candidate,0,1
119750,119750AAAAAAAAAAAAAAAAAAAAAAAAAAAAAA,no unique Spanish preferred candidate,0,1
119705,119705AAAAAAAAAAAAAAAAAAAAAAAAAAAAAA,no unique Spanish preferred candidate,0,1
119680,119680AAAAAAAAAAAAAAAAAAAAAAAAAAAAAA,no unique Spanish preferred candidate,0,1
119668,119668AAAAAAAAAAAAAAAAAAAAAAAAAAAAAA,no unique Spanish preferred candidate,1,1
119596,119596AAAAAAAAAAAAAAAAAAAAAAAAAAAAAA,no unique Spanish preferred candidate,0,1
119574,119574AAAAAAAAAAAAAAAAAAAAAAAAAAAAAA,no unique Spanish preferred candidate,0,1
156159,156159AAAAAAAAAAAAAAAAAAAAAAAAAAAAAA,no unique Spanish preferred candidate,1,1
156156,156156AAAAAAAAAAAAAAAAAAAAAAAAAAAAAA,no unique Spanish preferred candidate,1,1
119537,119537AAAAAAAAAAAAAAAAAAAAAAAAAAAAAA,no unique Spanish preferred candidate,0,1
119514,119514AAAAAAAAAAAAAAAAAAAAAAAAAAAAAA,no unique Spanish preferred candidate,0,1
119508,119508AAAAAAAAAAAAAAAAAAAAAAAAAAAAAA,no unique Spanish preferred candidate,0,1
1195,1195AAAAAAAAAAAAAAAAAAAAAAAAAAAAAAAA,no unique Spanish preferred candidate,0,1
119486,119486AAAAAAAAAAAAAAAAAAAAAAAAAAAAAA,no unique Spanish preferred candidate,0,1
156105,156105AAAAAAAAAAAAAAAAAAAAAAAAAAAAAA,no unique Spanish preferred candidate,1,1
119435,119435AAAAAAAAAAAAAAAAAAAAAAAAAAAAAA,no unique Spanish preferred candidate,0,1
119433,119433AAAAAAAAAAAAAAAAAAAAAAAAAAAAAA,no unique Spanish preferred candidate,0,1
156080,156080AAAAAAAAAAAAAAAAAAAAAAAAAAAAAA,no unique Spanish preferred candidate,1,1
119420,119420AAAAAAAAAAAAAAAAAAAAAAAAAAAAAA,no unique Spanish preferred candidate,0,1
119404,119404AAAAAAAAAAAAAAAAAAAAAAAAAAAAAA,no unique Spanish preferred candidate,0,1
119294,119294AAAAAAAAAAAAAAAAAAAAAAAAAAAAAA,no unique Spanish preferred candidate,0,1
119215,119215AAAAAAAAAAAAAAAAAAAAAAAAAAAAAA,no unique Spanish preferred candidate,0,1
119030,119030AAAAAAAAAAAAAAAAAAAAAAAAAAAAAA,no unique Spanish preferred candidate,0,1
119022,119022AAAAAAAAAAAAAAAAAAAAAAAAAAAAAA,no unique Spanish preferred candidate,0,1
118984,118984AAAAAAAAAAAAAAAAAAAAAAAAAAAAAA,no unique Spanish preferred candidate,0,1
118939,118939AAAAAAAAAAAAAAAAAAAAAAAAAAAAAA,no unique Spanish preferred candidate,0,1
118855,118855AAAAAAAAAAAAAAAAAAAAAAAAAAAAAA,no unique Spanish preferred candidate,0,1
118815,118815AAAAAAAAAAAAAAAAAAAAAAAAAAAAAA,no unique Spanish preferred candidate,0,1
118809,118809AAAAAAAAAAAAAAAAAAAAAAAAAAAAAA,no unique Spanish preferred candidate,0,1
118794,118794AAAAAAAAAAAAAAAAAAAAAAAAAAAAAA,no unique Spanish preferred candidate,0,1
155744,155744AAAAAAAAAAAAAAAAAAAAAAAAAAAAAA,no unique Spanish preferred candidate,1,1
118759,118759AAAAAAAAAAAAAAAAAAAAAAAAAAAAAA,no unique Spanish preferred candidate,0,1
155733,155733AAAAAAAAAAAAAAAAAAAAAAAAAAAAAA,no unique Spanish preferred candidate,1,1
118735,118735AAAAAAAAAAAAAAAAAAAAAAAAAAAAAA,no unique Spanish preferred candidate,0,1
155713,155713AAAAAAAAAAAAAAAAAAAAAAAAAAAAAA,no unique Spanish preferred candidate,1,1
118678,118678AAAAAAAAAAAAAAAAAAAAAAAAAAAAAA,no unique Spanish preferred candidate,0,1
118645,118645AAAAAAAAAAAAAAAAAAAAAAAAAAAAAA,no unique Spanish preferred candidate,0,1
118629,118629AAAAAAAAAAAAAAAAAAAAAAAAAAAAAA,no unique Spanish preferred candidate,0,1
118624,118624AAAAAAAAAAAAAAAAAAAAAAAAAAAAAA,no unique Spanish preferred candidate,0,1
118615,118615AAAAAAAAAAAAAAAAAAAAAAAAAAAAAA,no unique Spanish preferred candidate,0,1
118602,118602AAAAAAAAAAAAAAAAAAAAAAAAAAAAAA,no unique Spanish preferred candidate,0,1
118586,118586AAAAAAAAAAAAAAAAAAAAAAAAAAAAAA,no unique Spanish preferred candidate,0,1
118583,118583AAAAAAAAAAAAAAAAAAAAAAAAAAAAAA,no unique Spanish preferred candidate,0,1
118573,118573AAAAAAAAAAAAAAAAAAAAAAAAAAAAAA,no unique Spanish preferred candidate,0,1
118536,118536AAAAAAAAAAAAAAAAAAAAAAAAAAAAAA,no unique Spanish preferred candidate,0,1
118533,118533AAAAAAAAAAAAAAAAAAAAAAAAAAAAAA,no unique Spanish preferred candidate,0,1
118529,118529AAAAAAAAAAAAAAAAAAAAAAAAAAAAAA,no unique Spanish preferred candidate,0,1
155593,155593AAAAAAAAAAAAAAAAAAAAAAAAAAAAAA,no unique Spanish preferred candidate,1,1
155589,155589AAAAAAAAAAAAAAAAAAAAAAAAAAAAAA,no unique Spanish preferred candidate,0,1
118517,118517AAAAAAAAAAAAAAAAAAAAAAAAAAAAAA,no unique Spanish preferred candidate,0,1
118492,118492AAAAAAAAAAAAAAAAAAAAAAAAAAAAAA,no unique Spanish preferred candidate,2,1
118440,118440AAAAAAAAAAAAAAAAAAAAAAAAAAAAAA,no unique Spanish preferred candidate,0,1
118373,118373AAAAAAAAAAAAAAAAAAAAAAAAAAAAAA,no unique Spanish preferred candidate,0,1
118306,118306AAAAAAAAAAAAAAAAAAAAAAAAAAAAAA,no unique Spanish preferred candidate,0,1
118289,118289AAAAAAAAAAAAAAAAAAAAAAAAAAAAAA,no unique Spanish preferred candidate,0,1
118176,118176AAAAAAAAAAAAAAAAAAAAAAAAAAAAAA,no unique Spanish preferred candidate,0,1
118129,118129AAAAAAAAAAAAAAAAAAAAAAAAAAAAAA,no unique Spanish preferred candidate,0,1
155381,155381AAAAAAAAAAAAAAAAAAAAAAAAAAAAAA,no unique Spanish preferred candidate,1,1
117961,117961AAAAAAAAAAAAAAAAAAAAAAAAAAAAAA,no unique Spanish preferred candidate,0,1
117909,117909AAAAAAAAAAAAAAAAAAAAAAAAAAAAAA,no unique Spanish preferred candidate,0,1
117901,117901AAAAAAAAAAAAAAAAAAAAAAAAAAAAAA,no unique Spanish preferred candidate,0,1
117889,117889AAAAAAAAAAAAAAAAAAAAAAAAAAAAAA,no unique Spanish preferred candidate,0,1
117860,117860AAAAAAAAAAAAAAAAAAAAAAAAAAAAAA,no unique Spanish preferred candidate,0,1
117858,117858AAAAAAAAAAAAAAAAAAAAAAAAAAAAAA,no unique Spanish preferred candidate,0,1
117844,117844AAAAAAAAAAAAAAAAAAAAAAAAAAAAAA,no unique Spanish preferred candidate,0,1
117831,117831AAAAAAAAAAAAAAAAAAAAAAAAAAAAAA,no unique Spanish preferred candidate,0,1
117756,117756AAAAAAAAAAAAAAAAAAAAAAAAAAAAAA,no unique Spanish preferred candidate,0,1
155163,155163AAAAAAAAAAAAAAAAAAAAAAAAAAAAAA,no unique Spanish preferred candidate,0,1
117686,117686AAAAAAAAAAAAAAAAAAAAAAAAAAAAAA,no unique Spanish preferred candidate,0,1
117677,117677AAAAAAAAAAAAAAAAAAAAAAAAAAAAAA,no unique Spanish preferred candidate,0,1
117655,117655AAAAAAAAAAAAAAAAAAAAAAAAAAAAAA,no unique Spanish preferred candidate,0,1
117634,117634AAAAAAAAAAAAAAAAAAAAAAAAAAAAAA,no unique Spanish preferred candidate,0,1
117598,117598AAAAAAAAAAAAAAAAAAAAAAAAAAAAAA,no unique Spanish preferred candidate,0,1
117590,117590AAAAAAAAAAAAAAAAAAAAAAAAAAAAAA,no unique Spanish preferred candidate,0,1
117570,117570AAAAAAAAAAAAAAAAAAAAAAAAAAAAAA,no unique Spanish preferred candidate,0,1
117533,117533AAAAAAAAAAAAAAAAAAAAAAAAAAAAAA,no unique Spanish preferred candidate,0,1
117516,117516AAAAAAAAAAAAAAAAAAAAAAAAAAAAAA,no unique Spanish preferred candidate,0,1
117448,117448AAAAAAAAAAAAAAAAAAAAAAAAAAAAAA,no unique Spanish preferred candidate,0,1
117428,117428AAAAAAAAAAAAAAAAAAAAAAAAAAAAAA,no unique Spanish preferred candidate,0,1
117406,117406AAAAAAAAAAAAAAAAAAAAAAAAAAAAAA,no unique Spanish preferred candidate,0,1
154949,154949AAAAAAAAAAAAAAAAAAAAAAAAAAAAAA,no unique Spanish preferred candidate,1,1
117367,117367AAAAAAAAAAAAAAAAAAAAAAAAAAAAAA,no unique Spanish preferred candidate,0,1
117356,117356AAAAAAAAAAAAAAAAAAAAAAAAAAAAAA,no unique Spanish preferred candidate,0,1
117341,117341AAAAAAAAAAAAAAAAAAAAAAAAAAAAAA,no unique Spanish preferred candidate,0,1
117320,117320AAAAAAAAAAAAAAAAAAAAAAAAAAAAAA,no unique Spanish preferred candidate,0,1
117297,117297AAAAAAAAAAAAAAAAAAAAAAAAAAAAAA,no unique Spanish preferred candidate,0,1
117295,117295AAAAAAAAAAAAAAAAAAAAAAAAAAAAAA,no unique Spanish preferred candidate,0,1
117270,117270AAAAAAAAAAAAAAAAAAAAAAAAAAAAAA,no unique Spanish preferred candidate,0,1
117213,117213AAAAAAAAAAAAAAAAAAAAAAAAAAAAAA,no unique Spanish preferred candidate,0,1
117188,117188AAAAAAAAAAAAAAAAAAAAAAAAAAAAAA,no unique Spanish preferred candidate,0,1
117178,117178AAAAAAAAAAAAAAAAAAAAAAAAAAAAAA,no unique Spanish preferred candidate,0,1
117159,117159AAAAAAAAAAAAAAAAAAAAAAAAAAAAAA,no unique Spanish preferred candidate,0,1
117143,117143AAAAAAAAAAAAAAAAAAAAAAAAAAAAAA,no unique Spanish preferred candidate,0,1
117122,117122AAAAAAAAAAAAAAAAAAAAAAAAAAAAAA,no unique Spanish preferred candidate,0,1
117066,117066AAAAAAAAAAAAAAAAAAAAAAAAAAAAAA,no unique Spanish preferred candidate,0,1
117053,117053AAAAAAAAAAAAAAAAAAAAAAAAAAAAAA,no unique Spanish preferred candidate,0,1
117045,117045AAAAAAAAAAAAAAAAAAAAAAAAAAAAAA,no unique Spanish preferred candidate,2,1
116967,116967AAAAAAAAAAAAAAAAAAAAAAAAAAAAAA,no unique Spanish preferred candidate,0,1
116952,116952AAAAAAAAAAAAAAAAAAAAAAAAAAAAAA,no unique Spanish preferred candidate,0,1
154661,154661AAAAAAAAAAAAAAAAAAAAAAAAAAAAAA,no unique Spanish preferred candidate,1,1
116758,116758AAAAAAAAAAAAAAAAAAAAAAAAAAAAAA,no unique Spanish preferred candidate,2,2
116733,116733AAAAAAAAAAAAAAAAAAAAAAAAAAAAAA,no unique Spanish preferred candidate,0,1
116709,116709AAAAAAAAAAAAAAAAAAAAAAAAAAAAAA,no unique Spanish preferred candidate,0,1
116642,116642AAAAAAAAAAAAAAAAAAAAAAAAAAAAAA,no unique Spanish preferred candidate,0,1
116612,116612AAAAAAAAAAAAAAAAAAAAAAAAAAAAAA,no unique Spanish preferred candidate,0,1
116594,116594AAAAAAAAAAAAAAAAAAAAAAAAAAAAAA,no unique Spanish preferred candidate,0,1
154486,154486AAAAAAAAAAAAAAAAAAAAAAAAAAAAAA,no unique Spanish preferred candidate,1,1
116522,116522AAAAAAAAAAAAAAAAAAAAAAAAAAAAAA,no unique Spanish preferred candidate,0,1
154443,154443AAAAAAAAAAAAAAAAAAAAAAAAAAAAAA,no unique Spanish preferred candidate,1,1
116506,116506AAAAAAAAAAAAAAAAAAAAAAAAAAAAAA,no unique Spanish preferred candidate,0,1
116464,116464AAAAAAAAAAAAAAAAAAAAAAAAAAAAAA,no unique Spanish preferred candidate,0,1
154379,154379AAAAAAAAAAAAAAAAAAAAAAAAAAAAAA,no unique Spanish preferred candidate,0,1
154374,154374AAAAAAAAAAAAAAAAAAAAAAAAAAAAAA,no unique Spanish preferred candidate,0,1
116349,116349AAAAAAAAAAAAAAAAAAAAAAAAAAAAAA,no unique Spanish preferred candidate,0,1
1543,1543AAAAAAAAAAAAAAAAAAAAAAAAAAAAAAAA,no unique Spanish preferred candidate,0,1
116294,116294AAAAAAAAAAAAAAAAAAAAAAAAAAAAAA,no unique Spanish preferred candidate,0,1
116194,116194AAAAAAAAAAAAAAAAAAAAAAAAAAAAAA,no unique Spanish preferred candidate,0,1
153869,153869AAAAAAAAAAAAAAAAAAAAAAAAAAAAAA,no unique Spanish preferred candidate,0,1
116150,116150AAAAAAAAAAAAAAAAAAAAAAAAAAAAAA,no unique Spanish preferred candidate,0,1
116139,116139AAAAAAAAAAAAAAAAAAAAAAAAAAAAAA,no unique Spanish preferred candidate,0,1
153774,153774AAAAAAAAAAAAAAAAAAAAAAAAAAAAAA,no unique Spanish preferred candidate,0,1
1161,1161AAAAAAAAAAAAAAAAAAAAAAAAAAAAAAAA,no unique Spanish preferred candidate,0,1
116031,116031AAAAAAAAAAAAAAAAAAAAAAAAAAAAAA,no unique Spanish preferred candidate,1,1
115852,115852AAAAAAAAAAAAAAAAAAAAAAAAAAAAAA,no unique Spanish preferred candidate,0,1
115801,115801AAAAAAAAAAAAAAAAAAAAAAAAAAAAAA,no unique Spanish preferred candidate,0,1
115799,115799AAAAAAAAAAAAAAAAAAAAAAAAAAAAAA,no unique Spanish preferred candidate,0,1
115791,115791AAAAAAAAAAAAAAAAAAAAAAAAAAAAAA,no unique Spanish preferred candidate,0,1
115771,115771AAAAAAAAAAAAAAAAAAAAAAAAAAAAAA,no unique Spanish preferred candidate,0,1
115734,115734AAAAAAAAAAAAAAAAAAAAAAAAAAAAAA,no unique Spanish preferred candidate,0,1
115728,115728AAAAAAAAAAAAAAAAAAAAAAAAAAAAAA,no unique Spanish preferred candidate,0,1
115687,115687AAAAAAAAAAAAAAAAAAAAAAAAAAAAAA,no unique Spanish preferred candidate,0,1
115592,115592AAAAAAAAAAAAAAAAAAAAAAAAAAAAAA,no unique Spanish preferred candidate,0,1
115547,115547AAAAAAAAAAAAAAAAAAAAAAAAAAAAAA,no unique Spanish preferred candidate,0,1
115427,115427AAAAAAAAAAAAAAAAAAAAAAAAAAAAAA,no unique Spanish preferred candidate,2,1
115422,115422AAAAAAAAAAAAAAAAAAAAAAAAAAAAAA,no unique Spanish preferred candidate,0,1
115407,115407AAAAAAAAAAAAAAAAAAAAAAAAAAAAAA,no unique Spanish preferred candidate,0,1
115405,115405AAAAAAAAAAAAAAAAAAAAAAAAAAAAAA,no unique Spanish preferred candidate,0,1
115390,115390AAAAAAAAAAAAAAAAAAAAAAAAAAAAAA,no unique Spanish preferred candidate,0,1
152727,152727AAAAAAAAAAAAAAAAAAAAAAAAAAAAAA,no unique Spanish preferred candidate,0,1
115356,115356AAAAAAAAAAAAAAAAAAAAAAAAAAAAAA,no unique Spanish preferred candidate,0,1
115332,115332AAAAAAAAAAAAAAAAAAAAAAAAAAAAAA,no unique Spanish preferred candidate,0,1
115312,115312AAAAAAAAAAAAAAAAAAAAAAAAAAAAAA,no unique Spanish preferred candidate,0,1
115307,115307AAAAAAAAAAAAAAAAAAAAAAAAAAAAAA,no unique Spanish preferred candidate,0,1
115296,115296AAAAAAAAAAAAAAAAAAAAAAAAAAAAAA,no unique Spanish preferred candidate,0,1
152603,152603AAAAAAAAAAAAAAAAAAAAAAAAAAAAAA,no unique Spanish preferred candidate,0,1
115253,115253AAAAAAAAAAAAAAAAAAAAAAAAAAAAAA,no unique Spanish preferred candidate,0,1
115241,115241AAAAAAAAAAAAAAAAAAAAAAAAAAAAAA,no unique Spanish preferred candidate,0,1
115237,115237AAAAAAAAAAAAAAAAAAAAAAAAAAAAAA,no unique Spanish preferred candidate,0,1
152492,152492AAAAAAAAAAAAAAAAAAAAAAAAAAAAAA,no unique Spanish preferred candidate,0,1
115158,115158AAAAAAAAAAAAAAAAAAAAAAAAAAAAAA,no unique Spanish preferred candidate,0,1
115130,115130AAAAAAAAAAAAAAAAAAAAAAAAAAAAAA,no unique Spanish preferred candidate,0,1
115122,115122AAAAAAAAAAAAAAAAAAAAAAAAAAAAAA,no unique Spanish preferred candidate,0,1
115117,115117AAAAAAAAAAAAAAAAAAAAAAAAAAAAAA,no unique Spanish preferred candidate,0,1
115115,115115AAAAAAAAAAAAAAAAAAAAAAAAAAAAAA,no unique Spanish preferred candidate,0,1
115015,115015AAAAAAAAAAAAAAAAAAAAAAAAAAAAAA,no unique Spanish preferred candidate,0,1
114757,114757AAAAAAAAAAAAAAAAAAAAAAAAAAAAAA,no unique Spanish preferred candidate,0,1
114732,114732AAAAAAAAAAAAAAAAAAAAAAAAAAAAAA,no unique Spanish preferred candidate,0,1
114691,114691AAAAAAAAAAAAAAAAAAAAAAAAAAAAAA,no unique Spanish preferred candidate,0,1
114687,114687AAAAAAAAAAAAAAAAAAAAAAAAAAAAAA,no unique Spanish preferred candidate,0,1
114393,114393AAAAAAAAAAAAAAAAAAAAAAAAAAAAAA,no unique Spanish preferred candidate,0,1
114390,114390AAAAAAAAAAAAAAAAAAAAAAAAAAAAAA,no unique Spanish preferred candidate,0,1
114384,114384AAAAAAAAAAAAAAAAAAAAAAAAAAAAAA,no unique Spanish preferred candidate,0,1
114355,114355AAAAAAAAAAAAAAAAAAAAAAAAAAAAAA,no unique Spanish preferred candidate,0,1
114350,114350AAAAAAAAAAAAAAAAAAAAAAAAAAAAAA,no unique Spanish preferred candidate,0,1
114240,114240AAAAAAAAAAAAAAAAAAAAAAAAAAAAAA,no unique Spanish preferred candidate,0,1
114220,114220AAAAAAAAAAAAAAAAAAAAAAAAAAAAAA,no unique Spanish preferred candidate,0,1
114151,114151AAAAAAAAAAAAAAAAAAAAAAAAAAAAAA,no unique Spanish preferred candidate,0,1
114091,114091AAAAAAAAAAAAAAAAAAAAAAAAAAAAAA,no unique Spanish preferred candidate,0,1
114061,114061AAAAAAAAAAAAAAAAAAAAAAAAAAAAAA,no unique Spanish preferred candidate,0,1
114003,114003AAAAAAAAAAAAAAAAAAAAAAAAAAAAAA,no unique Spanish preferred candidate,0,1
113975,113975AAAAAAAAAAAAAAAAAAAAAAAAAAAAAA,no unique Spanish preferred candidate,0,1
151972,151972AAAAAAAAAAAAAAAAAAAAAAAAAAAAAA,no unique Spanish preferred candidate,0,1
113938,113938AAAAAAAAAAAAAAAAAAAAAAAAAAAAAA,no unique Spanish preferred candidate,0,1
113877,113877AAAAAAAAAAAAAAAAAAAAAAAAAAAAAA,no unique Spanish preferred candidate,0,1
113861,113861AAAAAAAAAAAAAAAAAAAAAAAAAAAAAA,no unique Spanish preferred candidate,1,1
151894,151894AAAAAAAAAAAAAAAAAAAAAAAAAAAAAA,no unique Spanish preferred candidate,0,1
113796,113796AAAAAAAAAAAAAAAAAAAAAAAAAAAAAA,no unique Spanish preferred candidate,0,1
113794,113794AAAAAAAAAAAAAAAAAAAAAAAAAAAAAA,no unique Spanish preferred candidate,0,1
113599,113599AAAAAAAAAAAAAAAAAAAAAAAAAAAAAA,no unique Spanish preferred candidate,0,1
151519,151519AAAAAAAAAAAAAAAAAAAAAAAAAAAAAA,no unique Spanish preferred candidate,0,1
113512,113512AAAAAAAAAAAAAAAAAAAAAAAAAAAAAA,no unique Spanish preferred candidate,0,1
113467,113467AAAAAAAAAAAAAAAAAAAAAAAAAAAAAA,no unique Spanish preferred candidate,0,1
113397,113397AAAAAAAAAAAAAAAAAAAAAAAAAAAAAA,no unique Spanish preferred candidate,0,1
113369,113369AAAAAAAAAAAAAAAAAAAAAAAAAAAAAA,no unique Spanish preferred candidate,0,1
113365,113365AAAAAAAAAAAAAAAAAAAAAAAAAAAAAA,no unique Spanish preferred candidate,0,1
113347,113347AAAAAAAAAAAAAAAAAAAAAAAAAAAAAA,no unique Spanish preferred candidate,0,1
113345,113345AAAAAAAAAAAAAAAAAAAAAAAAAAAAAA,no unique Spanish preferred candidate,0,1
150917,150917AAAAAAAAAAAAAAAAAAAAAAAAAAAAAA,no unique Spanish preferred candidate,0,1
1509,1509AAAAAAAAAAAAAAAAAAAAAAAAAAAAAAAA,no unique Spanish preferred candidate,0,1
113247,113247AAAAAAAAAAAAAAAAAAAAAAAAAAAAAA,no unique Spanish preferred candidate,0,1
113224,113224AAAAAAAAAAAAAAAAAAAAAAAAAAAAAA,no unique Spanish preferred candidate,0,1
113217,113217AAAAAAAAAAAAAAAAAAAAAAAAAAAAAA,no unique Spanish preferred candidate,0,1
113172,113172AAAAAAAAAAAAAAAAAAAAAAAAAAAAAA,no unique Spanish preferred candidate,0,1
113116,113116AAAAAAAAAAAAAAAAAAAAAAAAAAAAAA,no unique Spanish preferred candidate,0,1
113094,113094AAAAAAAAAAAAAAAAAAAAAAAAAAAAAA,no unique Spanish preferred candidate,0,1
113007,113007AAAAAAAAAAAAAAAAAAAAAAAAAAAAAA,no unique Spanish preferred candidate,0,1
112989,112989AAAAAAAAAAAAAAAAAAAAAAAAAAAAAA,no unique Spanish preferred candidate,0,1
112957,112957AAAAAAAAAAAAAAAAAAAAAAAAAAAAAA,no unique Spanish preferred candidate,0,1
112950,112950AAAAAAAAAAAAAAAAAAAAAAAAAAAAAA,no unique Spanish preferred candidate,0,1
112938,112938AAAAAAAAAAAAAAAAAAAAAAAAAAAAAA,no unique Spanish preferred candidate,0,1
112930,112930AAAAAAAAAAAAAAAAAAAAAAAAAAAAAA,no unique Spanish preferred candidate,0,1
112904,112904AAAAAAAAAAAAAAAAAAAAAAAAAAAAAA,no unique Spanish preferred candidate,0,1
112737,112737AAAAAAAAAAAAAAAAAAAAAAAAAAAAAA,no unique Spanish preferred candidate,0,1
112733,112733AAAAAAAAAAAAAAAAAAAAAAAAAAAAAA,no unique Spanish preferred candidate,0,1
112691,112691AAAAAAAAAAAAAAAAAAAAAAAAAAAAAA,no unique Spanish preferred candidate,0,1
112683,112683AAAAAAAAAAAAAAAAAAAAAAAAAAAAAA,no unique Spanish preferred candidate,0,1
112648,112648AAAAAAAAAAAAAAAAAAAAAAAAAAAAAA,no unique Spanish preferred candidate,0,1
150410,150410AAAAAAAAAAAAAAAAAAAAAAAAAAAAAA,no unique Spanish preferred candidate,0,1
112541,112541AAAAAAAAAAAAAAAAAAAAAAAAAAAAAA,no unique Spanish preferred candidate,0,1
112493,112493AAAAAAAAAAAAAAAAAAAAAAAAAAAAAA,no unique Spanish preferred candidate,0,1
112470,112470AAAAAAAAAAAAAAAAAAAAAAAAAAAAAA,no unique Spanish preferred candidate,0,1
112446,112446AAAAAAAAAAAAAAAAAAAAAAAAAAAAAA,no unique Spanish preferred candidate,0,1
112437,112437AAAAAAAAAAAAAAAAAAAAAAAAAAAAAA,no unique Spanish preferred candidate,0,1
112416,112416AAAAAAAAAAAAAAAAAAAAAAAAAAAAAA,no unique Spanish preferred candidate,0,1
112405,112405AAAAAAAAAAAAAAAAAAAAAAAAAAAAAA,no unique Spanish preferred candidate,0,1
112396,112396AAAAAAAAAAAAAAAAAAAAAAAAAAAAAA,no unique Spanish preferred candidate,0,1
112390,112390AAAAAAAAAAAAAAAAAAAAAAAAAAAAAA,no unique Spanish preferred candidate,0,1
112377,112377AAAAAAAAAAAAAAAAAAAAAAAAAAAAAA,no unique Spanish preferred candidate,0,1
112369,112369AAAAAAAAAAAAAAAAAAAAAAAAAAAAAA,no unique Spanish preferred candidate,0,1
112336,112336AAAAAAAAAAAAAAAAAAAAAAAAAAAAAA,no unique Spanish preferred candidate,0,1
112306,112306AAAAAAAAAAAAAAAAAAAAAAAAAAAAAA,no unique Spanish preferred candidate,0,1
150173,150173AAAAAAAAAAAAAAAAAAAAAAAAAAAAAA,no unique Spanish preferred candidate,0,1
112252,112252AAAAAAAAAAAAAAAAAAAAAAAAAAAAAA,no unique Spanish preferred candidate,0,1
112213,112213AAAAAAAAAAAAAAAAAAAAAAAAAAAAAA,no unique Spanish preferred candidate,0,1
112196,112196AAAAAAAAAAAAAAAAAAAAAAAAAAAAAA,no unique Spanish preferred candidate,0,1
112172,112172AAAAAAAAAAAAAAAAAAAAAAAAAAAAAA,no unique Spanish preferred candidate,0,1
111788,111788AAAAAAAAAAAAAAAAAAAAAAAAAAAAAA,no unique Spanish preferred candidate,0,1
111778,111778AAAAAAAAAAAAAAAAAAAAAAAAAAAAAA,no unique Spanish preferred candidate,0,1
111761,111761AAAAAAAAAAAAAAAAAAAAAAAAAAAAAA,no unique Spanish preferred candidate,0,1
111729,111729AAAAAAAAAAAAAAAAAAAAAAAAAAAAAA,no unique Spanish preferred candidate,0,1
111699,111699AAAAAAAAAAAAAAAAAAAAAAAAAAAAAA,no unique Spanish preferred candidate,0,1
149955,149955AAAAAAAAAAAAAAAAAAAAAAAAAAAAAA,no unique Spanish preferred candidate,0,1
149953,149953AAAAAAAAAAAAAAAAAAAAAAAAAAAAAA,no unique Spanish preferred candidate,0,1
149946,149946AAAAAAAAAAAAAAAAAAAAAAAAAAAAAA,no unique Spanish preferred candidate,0,1
111616,111616AAAAAAAAAAAAAAAAAAAAAAAAAAAAAA,no unique Spanish preferred candidate,0,1
111531,111531AAAAAAAAAAAAAAAAAAAAAAAAAAAAAA,no unique Spanish preferred candidate,0,1
1114,1114AAAAAAAAAAAAAAAAAAAAAAAAAAAAAAAA,no unique Spanish preferred candidate,0,1
149808,149808AAAAAAAAAAAAAAAAAAAAAAAAAAAAAA,no unique Spanish preferred candidate,0,1
111001,111001AAAAAAAAAAAAAAAAAAAAAAAAAAAAAA,no unique Spanish preferred candidate,0,1
110896,110896AAAAAAAAAAAAAAAAAAAAAAAAAAAAAA,no unique Spanish preferred candidate,0,1
110852,110852AAAAAAAAAAAAAAAAAAAAAAAAAAAAAA,no unique Spanish preferred candidate,0,1
110627,110627AAAAAAAAAAAAAAAAAAAAAAAAAAAAAA,no unique Spanish preferred candidate,0,1
110540,110540AAAAAAAAAAAAAAAAAAAAAAAAAAAAAA,no unique Spanish preferred candidate,0,1
110512,110512AAAAAAAAAAAAAAAAAAAAAAAAAAAAAA,no unique Spanish preferred candidate,0,1
110419,110419AAAAAAAAAAAAAAAAAAAAAAAAAAAAAA,no unique Spanish preferred candidate,0,1
149393,149393AAAAAAAAAAAAAAAAAAAAAAAAAAAAAA,no unique Spanish preferred candidate,0,1
149362,149362AAAAAAAAAAAAAAAAAAAAAAAAAAAAAA,no unique Spanish preferred candidate,0,1
110170,110170AAAAAAAAAAAAAAAAAAAAAAAAAAAAAA,no unique Spanish preferred candidate,0,1
110169,110169AAAAAAAAAAAAAAAAAAAAAAAAAAAAAA,no unique Spanish preferred candidate,0,1
1090,1090AAAAAAAAAAAAAAAAAAAAAAAAAAAAAAAA,no unique Spanish preferred candidate,0,1
107,107AAAAAAAAAAAAAAAAAAAAAAAAAAAAAAAAA,no unique Spanish preferred candidate,0,1
148904,148904AAAAAAAAAAAAAAAAAAAAAAAAAAAAAA,no unique Spanish preferred candidate,0,1
104996,104996AAAAAAAAAAAAAAAAAAAAAAAAAAAAAA,no unique Spanish preferred candidate,1,1
104816,104816AAAAAAAAAAAAAAAAAAAAAAAAAAAAAA,no unique Spanish preferred candidate,1,1
104527,104527AAAAAAAAAAAAAAAAAAAAAAAAAAAAAA,no unique Spanish preferred candidate,0,1
148208,148208AAAAAAAAAAAAAAAAAAAAAAAAAAAAAA,no unique Spanish preferred candidate,0,1
148035,148035AAAAAAAAAAAAAAAAAAAAAAAAAAAAAA,no unique Spanish preferred candidate,2,1
147871,147871AAAAAAAAAAAAAAAAAAAAAAAAAAAAAA,no unique Spanish preferred candidate,0,1
103991,103991AAAAAAAAAAAAAAAAAAAAAAAAAAAAAA,no unique Spanish preferred candidate,0,1
147239,147239AAAAAAAAAAAAAAAAAAAAAAAAAAAAAA,no unique Spanish preferred candidate,0,1
147124,147124AAAAAAAAAAAAAAAAAAAAAAAAAAAAAA,no unique Spanish preferred candidate,1,1
